--
-- PostgreSQL database dump
--

\restrict IqrvfTP8dHqgignnLDbuXQUcx4UmE0heklsznzWPGAEasQ91aolXCPAJ2l9D6kt

-- Dumped from database version 18.3
-- Dumped by pg_dump version 18.3

SET statement_timeout = 0;
SET lock_timeout = 0;
SET idle_in_transaction_session_timeout = 0;
SET transaction_timeout = 0;
SET client_encoding = 'UTF8';
SET standard_conforming_strings = on;
SELECT pg_catalog.set_config('search_path', '', false);
SET check_function_bodies = false;
SET xmloption = content;
SET client_min_messages = warning;
SET row_security = off;

SET default_tablespace = '';

SET default_table_access_method = heap;

--
-- Name: auth_group; Type: TABLE; Schema: public; Owner: yassine
--

CREATE TABLE public.auth_group (
    id integer NOT NULL,
    name character varying(150) NOT NULL
);


ALTER TABLE public.auth_group OWNER TO yassine;

--
-- Name: auth_group_id_seq; Type: SEQUENCE; Schema: public; Owner: yassine
--

ALTER TABLE public.auth_group ALTER COLUMN id ADD GENERATED BY DEFAULT AS IDENTITY (
    SEQUENCE NAME public.auth_group_id_seq
    START WITH 1
    INCREMENT BY 1
    NO MINVALUE
    NO MAXVALUE
    CACHE 1
);


--
-- Name: auth_group_permissions; Type: TABLE; Schema: public; Owner: yassine
--

CREATE TABLE public.auth_group_permissions (
    id bigint NOT NULL,
    group_id integer NOT NULL,
    permission_id integer NOT NULL
);


ALTER TABLE public.auth_group_permissions OWNER TO yassine;

--
-- Name: auth_group_permissions_id_seq; Type: SEQUENCE; Schema: public; Owner: yassine
--

ALTER TABLE public.auth_group_permissions ALTER COLUMN id ADD GENERATED BY DEFAULT AS IDENTITY (
    SEQUENCE NAME public.auth_group_permissions_id_seq
    START WITH 1
    INCREMENT BY 1
    NO MINVALUE
    NO MAXVALUE
    CACHE 1
);


--
-- Name: auth_permission; Type: TABLE; Schema: public; Owner: yassine
--

CREATE TABLE public.auth_permission (
    id integer NOT NULL,
    name character varying(255) NOT NULL,
    content_type_id integer NOT NULL,
    codename character varying(100) NOT NULL
);


ALTER TABLE public.auth_permission OWNER TO yassine;

--
-- Name: auth_permission_id_seq; Type: SEQUENCE; Schema: public; Owner: yassine
--

ALTER TABLE public.auth_permission ALTER COLUMN id ADD GENERATED BY DEFAULT AS IDENTITY (
    SEQUENCE NAME public.auth_permission_id_seq
    START WITH 1
    INCREMENT BY 1
    NO MINVALUE
    NO MAXVALUE
    CACHE 1
);


--
-- Name: django_admin_log; Type: TABLE; Schema: public; Owner: yassine
--

CREATE TABLE public.django_admin_log (
    id integer NOT NULL,
    action_time timestamp with time zone NOT NULL,
    object_id text,
    object_repr character varying(200) NOT NULL,
    action_flag smallint NOT NULL,
    change_message text NOT NULL,
    content_type_id integer,
    user_id bigint NOT NULL,
    CONSTRAINT django_admin_log_action_flag_check CHECK ((action_flag >= 0))
);


ALTER TABLE public.django_admin_log OWNER TO yassine;

--
-- Name: django_admin_log_id_seq; Type: SEQUENCE; Schema: public; Owner: yassine
--

ALTER TABLE public.django_admin_log ALTER COLUMN id ADD GENERATED BY DEFAULT AS IDENTITY (
    SEQUENCE NAME public.django_admin_log_id_seq
    START WITH 1
    INCREMENT BY 1
    NO MINVALUE
    NO MAXVALUE
    CACHE 1
);


--
-- Name: django_content_type; Type: TABLE; Schema: public; Owner: yassine
--

CREATE TABLE public.django_content_type (
    id integer NOT NULL,
    app_label character varying(100) NOT NULL,
    model character varying(100) NOT NULL
);


ALTER TABLE public.django_content_type OWNER TO yassine;

--
-- Name: django_content_type_id_seq; Type: SEQUENCE; Schema: public; Owner: yassine
--

ALTER TABLE public.django_content_type ALTER COLUMN id ADD GENERATED BY DEFAULT AS IDENTITY (
    SEQUENCE NAME public.django_content_type_id_seq
    START WITH 1
    INCREMENT BY 1
    NO MINVALUE
    NO MAXVALUE
    CACHE 1
);


--
-- Name: django_migrations; Type: TABLE; Schema: public; Owner: yassine
--

CREATE TABLE public.django_migrations (
    id bigint NOT NULL,
    app character varying(255) NOT NULL,
    name character varying(255) NOT NULL,
    applied timestamp with time zone NOT NULL
);


ALTER TABLE public.django_migrations OWNER TO yassine;

--
-- Name: django_migrations_id_seq; Type: SEQUENCE; Schema: public; Owner: yassine
--

ALTER TABLE public.django_migrations ALTER COLUMN id ADD GENERATED BY DEFAULT AS IDENTITY (
    SEQUENCE NAME public.django_migrations_id_seq
    START WITH 1
    INCREMENT BY 1
    NO MINVALUE
    NO MAXVALUE
    CACHE 1
);


--
-- Name: django_session; Type: TABLE; Schema: public; Owner: yassine
--

CREATE TABLE public.django_session (
    session_key character varying(40) NOT NULL,
    session_data text NOT NULL,
    expire_date timestamp with time zone NOT NULL
);


ALTER TABLE public.django_session OWNER TO yassine;

--
-- Name: ghadapi_activity; Type: TABLE; Schema: public; Owner: yassine
--

CREATE TABLE public.ghadapi_activity (
    id bigint NOT NULL,
    name character varying(100) NOT NULL,
    description text NOT NULL,
    department_id bigint NOT NULL
);


ALTER TABLE public.ghadapi_activity OWNER TO yassine;

--
-- Name: ghadapi_activity_id_seq; Type: SEQUENCE; Schema: public; Owner: yassine
--

ALTER TABLE public.ghadapi_activity ALTER COLUMN id ADD GENERATED BY DEFAULT AS IDENTITY (
    SEQUENCE NAME public.ghadapi_activity_id_seq
    START WITH 1
    INCREMENT BY 1
    NO MINVALUE
    NO MAXVALUE
    CACHE 1
);


--
-- Name: ghadapi_department; Type: TABLE; Schema: public; Owner: yassine
--

CREATE TABLE public.ghadapi_department (
    id bigint NOT NULL,
    name character varying(100) NOT NULL,
    description text NOT NULL
);


ALTER TABLE public.ghadapi_department OWNER TO yassine;

--
-- Name: ghadapi_department_id_seq; Type: SEQUENCE; Schema: public; Owner: yassine
--

ALTER TABLE public.ghadapi_department ALTER COLUMN id ADD GENERATED BY DEFAULT AS IDENTITY (
    SEQUENCE NAME public.ghadapi_department_id_seq
    START WITH 1
    INCREMENT BY 1
    NO MINVALUE
    NO MAXVALUE
    CACHE 1
);


--
-- Name: ghadapi_distributionitem; Type: TABLE; Schema: public; Owner: yassine
--

CREATE TABLE public.ghadapi_distributionitem (
    id bigint NOT NULL,
    quantity integer NOT NULL,
    distribution_id bigint NOT NULL,
    stock_id bigint NOT NULL,
    CONSTRAINT ghadapi_distributionitem_quantity_check CHECK ((quantity >= 0))
);


ALTER TABLE public.ghadapi_distributionitem OWNER TO yassine;

--
-- Name: ghadapi_distributionitem_id_seq; Type: SEQUENCE; Schema: public; Owner: yassine
--

ALTER TABLE public.ghadapi_distributionitem ALTER COLUMN id ADD GENERATED BY DEFAULT AS IDENTITY (
    SEQUENCE NAME public.ghadapi_distributionitem_id_seq
    START WITH 1
    INCREMENT BY 1
    NO MINVALUE
    NO MAXVALUE
    CACHE 1
);


--
-- Name: ghadapi_donationitem; Type: TABLE; Schema: public; Owner: yassine
--

CREATE TABLE public.ghadapi_donationitem (
    id bigint NOT NULL,
    quantity integer NOT NULL,
    expiration_date date NOT NULL,
    drug_id bigint NOT NULL,
    donation_id bigint NOT NULL,
    CONSTRAINT ghadapi_donationitem_quantity_check CHECK ((quantity >= 0))
);


ALTER TABLE public.ghadapi_donationitem OWNER TO yassine;

--
-- Name: ghadapi_donationitem_id_seq; Type: SEQUENCE; Schema: public; Owner: yassine
--

ALTER TABLE public.ghadapi_donationitem ALTER COLUMN id ADD GENERATED BY DEFAULT AS IDENTITY (
    SEQUENCE NAME public.ghadapi_donationitem_id_seq
    START WITH 1
    INCREMENT BY 1
    NO MINVALUE
    NO MAXVALUE
    CACHE 1
);


--
-- Name: ghadapi_drug; Type: TABLE; Schema: public; Owner: yassine
--

CREATE TABLE public.ghadapi_drug (
    id bigint NOT NULL,
    code character varying(25) NOT NULL,
    dci_name character varying(255) NOT NULL,
    form character varying(20) NOT NULL,
    dosage character varying(100) NOT NULL
);


ALTER TABLE public.ghadapi_drug OWNER TO yassine;

--
-- Name: ghadapi_drug_id_seq; Type: SEQUENCE; Schema: public; Owner: yassine
--

ALTER TABLE public.ghadapi_drug ALTER COLUMN id ADD GENERATED BY DEFAULT AS IDENTITY (
    SEQUENCE NAME public.ghadapi_drug_id_seq
    START WITH 1
    INCREMENT BY 1
    NO MINVALUE
    NO MAXVALUE
    CACHE 1
);


--
-- Name: ghadapi_drugdistribution; Type: TABLE; Schema: public; Owner: yassine
--

CREATE TABLE public.ghadapi_drugdistribution (
    id bigint NOT NULL,
    distribution_date date NOT NULL,
    prescription_number character varying(100) NOT NULL,
    doctor_name character varying(255) NOT NULL,
    remarks text NOT NULL,
    is_validated boolean NOT NULL,
    beneficiary_id bigint NOT NULL
);


ALTER TABLE public.ghadapi_drugdistribution OWNER TO yassine;

--
-- Name: ghadapi_drugdistribution_id_seq; Type: SEQUENCE; Schema: public; Owner: yassine
--

ALTER TABLE public.ghadapi_drugdistribution ALTER COLUMN id ADD GENERATED BY DEFAULT AS IDENTITY (
    SEQUENCE NAME public.ghadapi_drugdistribution_id_seq
    START WITH 1
    INCREMENT BY 1
    NO MINVALUE
    NO MAXVALUE
    CACHE 1
);


--
-- Name: ghadapi_drugdonation; Type: TABLE; Schema: public; Owner: yassine
--

CREATE TABLE public.ghadapi_drugdonation (
    id bigint NOT NULL,
    donor character varying(100) NOT NULL,
    donation_type character varying(20) NOT NULL,
    invoice_number character varying(100),
    donation_date date NOT NULL,
    total_price numeric(12,2) NOT NULL,
    remarks text NOT NULL
);


ALTER TABLE public.ghadapi_drugdonation OWNER TO yassine;

--
-- Name: ghadapi_drugdonation_id_seq; Type: SEQUENCE; Schema: public; Owner: yassine
--

ALTER TABLE public.ghadapi_drugdonation ALTER COLUMN id ADD GENERATED BY DEFAULT AS IDENTITY (
    SEQUENCE NAME public.ghadapi_drugdonation_id_seq
    START WITH 1
    INCREMENT BY 1
    NO MINVALUE
    NO MAXVALUE
    CACHE 1
);


--
-- Name: ghadapi_drugstock; Type: TABLE; Schema: public; Owner: yassine
--

CREATE TABLE public.ghadapi_drugstock (
    id bigint NOT NULL,
    expiration_date date NOT NULL,
    quantity_available integer NOT NULL,
    created_at timestamp with time zone NOT NULL,
    drug_id bigint NOT NULL,
    CONSTRAINT ghadapi_drugstock_quantity_available_check CHECK ((quantity_available >= 0))
);


ALTER TABLE public.ghadapi_drugstock OWNER TO yassine;

--
-- Name: ghadapi_drugstock_id_seq; Type: SEQUENCE; Schema: public; Owner: yassine
--

ALTER TABLE public.ghadapi_drugstock ALTER COLUMN id ADD GENERATED BY DEFAULT AS IDENTITY (
    SEQUENCE NAME public.ghadapi_drugstock_id_seq
    START WITH 1
    INCREMENT BY 1
    NO MINVALUE
    NO MAXVALUE
    CACHE 1
);


--
-- Name: ghadapi_member; Type: TABLE; Schema: public; Owner: yassine
--

CREATE TABLE public.ghadapi_member (
    id bigint NOT NULL,
    role character varying(100) NOT NULL,
    join_date date NOT NULL,
    department_id bigint NOT NULL,
    person_id bigint NOT NULL
);


ALTER TABLE public.ghadapi_member OWNER TO yassine;

--
-- Name: ghadapi_member_id_seq; Type: SEQUENCE; Schema: public; Owner: yassine
--

ALTER TABLE public.ghadapi_member ALTER COLUMN id ADD GENERATED BY DEFAULT AS IDENTITY (
    SEQUENCE NAME public.ghadapi_member_id_seq
    START WITH 1
    INCREMENT BY 1
    NO MINVALUE
    NO MAXVALUE
    CACHE 1
);


--
-- Name: persons; Type: TABLE; Schema: public; Owner: yassine
--

CREATE TABLE public.persons (
    id bigint NOT NULL,
    first_name character varying(100) NOT NULL,
    last_name character varying(100) NOT NULL,
    nin character varying(20),
    phone character varying(14),
    address text NOT NULL,
    date_of_birth date NOT NULL,
    gender character varying(1) NOT NULL,
    is_active boolean NOT NULL,
    created_at timestamp with time zone NOT NULL,
    updated_at timestamp with time zone NOT NULL
);


ALTER TABLE public.persons OWNER TO yassine;

--
-- Name: persons_id_seq; Type: SEQUENCE; Schema: public; Owner: yassine
--

ALTER TABLE public.persons ALTER COLUMN id ADD GENERATED BY DEFAULT AS IDENTITY (
    SEQUENCE NAME public.persons_id_seq
    START WITH 1
    INCREMENT BY 1
    NO MINVALUE
    NO MAXVALUE
    CACHE 1
);


--
-- Name: user_activity_access; Type: TABLE; Schema: public; Owner: yassine
--

CREATE TABLE public.user_activity_access (
    id bigint NOT NULL,
    access_level character varying(10) NOT NULL,
    granted_at timestamp with time zone NOT NULL,
    activity_id bigint NOT NULL,
    user_id bigint NOT NULL
);


ALTER TABLE public.user_activity_access OWNER TO yassine;

--
-- Name: user_activity_access_id_seq; Type: SEQUENCE; Schema: public; Owner: yassine
--

ALTER TABLE public.user_activity_access ALTER COLUMN id ADD GENERATED BY DEFAULT AS IDENTITY (
    SEQUENCE NAME public.user_activity_access_id_seq
    START WITH 1
    INCREMENT BY 1
    NO MINVALUE
    NO MAXVALUE
    CACHE 1
);


--
-- Name: user_profiles; Type: TABLE; Schema: public; Owner: yassine
--

CREATE TABLE public.user_profiles (
    id bigint NOT NULL,
    person_id bigint,
    user_id bigint NOT NULL
);


ALTER TABLE public.user_profiles OWNER TO yassine;

--
-- Name: user_profiles_id_seq; Type: SEQUENCE; Schema: public; Owner: yassine
--

ALTER TABLE public.user_profiles ALTER COLUMN id ADD GENERATED BY DEFAULT AS IDENTITY (
    SEQUENCE NAME public.user_profiles_id_seq
    START WITH 1
    INCREMENT BY 1
    NO MINVALUE
    NO MAXVALUE
    CACHE 1
);


--
-- Name: users; Type: TABLE; Schema: public; Owner: yassine
--

CREATE TABLE public.users (
    id bigint NOT NULL,
    password character varying(128) NOT NULL,
    last_login timestamp with time zone,
    is_superuser boolean NOT NULL,
    username character varying(150) NOT NULL,
    first_name character varying(150) NOT NULL,
    last_name character varying(150) NOT NULL,
    email character varying(254) NOT NULL,
    is_staff boolean NOT NULL,
    is_active boolean NOT NULL,
    date_joined timestamp with time zone NOT NULL
);


ALTER TABLE public.users OWNER TO yassine;

--
-- Name: users_groups; Type: TABLE; Schema: public; Owner: yassine
--

CREATE TABLE public.users_groups (
    id bigint NOT NULL,
    user_id bigint NOT NULL,
    group_id integer NOT NULL
);


ALTER TABLE public.users_groups OWNER TO yassine;

--
-- Name: users_groups_id_seq; Type: SEQUENCE; Schema: public; Owner: yassine
--

ALTER TABLE public.users_groups ALTER COLUMN id ADD GENERATED BY DEFAULT AS IDENTITY (
    SEQUENCE NAME public.users_groups_id_seq
    START WITH 1
    INCREMENT BY 1
    NO MINVALUE
    NO MAXVALUE
    CACHE 1
);


--
-- Name: users_id_seq; Type: SEQUENCE; Schema: public; Owner: yassine
--

ALTER TABLE public.users ALTER COLUMN id ADD GENERATED BY DEFAULT AS IDENTITY (
    SEQUENCE NAME public.users_id_seq
    START WITH 1
    INCREMENT BY 1
    NO MINVALUE
    NO MAXVALUE
    CACHE 1
);


--
-- Name: users_user_permissions; Type: TABLE; Schema: public; Owner: yassine
--

CREATE TABLE public.users_user_permissions (
    id bigint NOT NULL,
    user_id bigint NOT NULL,
    permission_id integer NOT NULL
);


ALTER TABLE public.users_user_permissions OWNER TO yassine;

--
-- Name: users_user_permissions_id_seq; Type: SEQUENCE; Schema: public; Owner: yassine
--

ALTER TABLE public.users_user_permissions ALTER COLUMN id ADD GENERATED BY DEFAULT AS IDENTITY (
    SEQUENCE NAME public.users_user_permissions_id_seq
    START WITH 1
    INCREMENT BY 1
    NO MINVALUE
    NO MAXVALUE
    CACHE 1
);


--
-- Data for Name: auth_group; Type: TABLE DATA; Schema: public; Owner: yassine
--

COPY public.auth_group (id, name) FROM stdin;
\.


--
-- Data for Name: auth_group_permissions; Type: TABLE DATA; Schema: public; Owner: yassine
--

COPY public.auth_group_permissions (id, group_id, permission_id) FROM stdin;
\.


--
-- Data for Name: auth_permission; Type: TABLE DATA; Schema: public; Owner: yassine
--

COPY public.auth_permission (id, name, content_type_id, codename) FROM stdin;
1	Can add log entry	1	add_logentry
2	Can change log entry	1	change_logentry
3	Can delete log entry	1	delete_logentry
4	Can view log entry	1	view_logentry
5	Can add permission	3	add_permission
6	Can change permission	3	change_permission
7	Can delete permission	3	delete_permission
8	Can view permission	3	view_permission
9	Can add group	2	add_group
10	Can change group	2	change_group
11	Can delete group	2	delete_group
12	Can view group	2	view_group
13	Can add content type	4	add_contenttype
14	Can change content type	4	change_contenttype
15	Can delete content type	4	delete_contenttype
16	Can view content type	4	view_contenttype
17	Can add session	5	add_session
18	Can change session	5	change_session
19	Can delete session	5	delete_session
20	Can view session	5	view_session
21	Can add department	7	add_department
22	Can change department	7	change_department
23	Can delete department	7	delete_department
24	Can view department	7	view_department
25	Can add drug	10	add_drug
26	Can change drug	10	change_drug
27	Can delete drug	10	delete_drug
28	Can view drug	10	view_drug
29	Can add drug distribution	11	add_drugdistribution
30	Can change drug distribution	11	change_drugdistribution
31	Can delete drug distribution	11	delete_drugdistribution
32	Can view drug distribution	11	view_drugdistribution
33	Can add drug donation	12	add_drugdonation
34	Can change drug donation	12	change_drugdonation
35	Can delete drug donation	12	delete_drugdonation
36	Can view drug donation	12	view_drugdonation
37	Can add person	15	add_person
38	Can change person	15	change_person
39	Can delete person	15	delete_person
40	Can view person	15	view_person
41	Can add User	16	add_user
42	Can change User	16	change_user
43	Can delete User	16	delete_user
44	Can view User	16	view_user
45	Can add activity	6	add_activity
46	Can change activity	6	change_activity
47	Can delete activity	6	delete_activity
48	Can view activity	6	view_activity
49	Can add donation item	9	add_donationitem
50	Can change donation item	9	change_donationitem
51	Can delete donation item	9	delete_donationitem
52	Can view donation item	9	view_donationitem
53	Can add drug stock	13	add_drugstock
54	Can change drug stock	13	change_drugstock
55	Can delete drug stock	13	delete_drugstock
56	Can view drug stock	13	view_drugstock
57	Can add distribution item	8	add_distributionitem
58	Can change distribution item	8	change_distributionitem
59	Can delete distribution item	8	delete_distributionitem
60	Can view distribution item	8	view_distributionitem
61	Can add member	14	add_member
62	Can change member	14	change_member
63	Can delete member	14	delete_member
64	Can view member	14	view_member
65	Can add user profile	18	add_userprofile
66	Can change user profile	18	change_userprofile
67	Can delete user profile	18	delete_userprofile
68	Can view user profile	18	view_userprofile
69	Can add User Activity Access	17	add_useractivityaccess
70	Can change User Activity Access	17	change_useractivityaccess
71	Can delete User Activity Access	17	delete_useractivityaccess
72	Can view User Activity Access	17	view_useractivityaccess
\.


--
-- Data for Name: django_admin_log; Type: TABLE DATA; Schema: public; Owner: yassine
--

COPY public.django_admin_log (id, action_time, object_id, object_repr, action_flag, change_message, content_type_id, user_id) FROM stdin;
\.


--
-- Data for Name: django_content_type; Type: TABLE DATA; Schema: public; Owner: yassine
--

COPY public.django_content_type (id, app_label, model) FROM stdin;
1	admin	logentry
2	auth	group
3	auth	permission
4	contenttypes	contenttype
5	sessions	session
6	ghadapi	activity
7	ghadapi	department
8	ghadapi	distributionitem
9	ghadapi	donationitem
10	ghadapi	drug
11	ghadapi	drugdistribution
12	ghadapi	drugdonation
13	ghadapi	drugstock
14	ghadapi	member
15	ghadapi	person
16	ghadapi	user
17	ghadapi	useractivityaccess
18	ghadapi	userprofile
\.


--
-- Data for Name: django_migrations; Type: TABLE DATA; Schema: public; Owner: yassine
--

COPY public.django_migrations (id, app, name, applied) FROM stdin;
1	contenttypes	0001_initial	2026-06-17 23:53:54.423648+01
2	contenttypes	0002_remove_content_type_name	2026-06-17 23:53:54.433862+01
3	auth	0001_initial	2026-06-17 23:53:54.478581+01
4	auth	0002_alter_permission_name_max_length	2026-06-17 23:53:54.489249+01
5	auth	0003_alter_user_email_max_length	2026-06-17 23:53:54.500076+01
6	auth	0004_alter_user_username_opts	2026-06-17 23:53:54.513115+01
7	auth	0005_alter_user_last_login_null	2026-06-17 23:53:54.526316+01
8	auth	0006_require_contenttypes_0002	2026-06-17 23:53:54.529942+01
9	auth	0007_alter_validators_add_error_messages	2026-06-17 23:53:54.539977+01
10	auth	0008_alter_user_username_max_length	2026-06-17 23:53:54.552653+01
11	auth	0009_alter_user_last_name_max_length	2026-06-17 23:53:54.565856+01
12	auth	0010_alter_group_name_max_length	2026-06-17 23:53:54.578059+01
13	auth	0011_update_proxy_permissions	2026-06-17 23:53:54.588355+01
14	auth	0012_alter_user_first_name_max_length	2026-06-17 23:53:54.602393+01
15	ghadapi	0001_initial	2026-06-17 23:53:54.792931+01
16	admin	0001_initial	2026-06-17 23:53:54.830726+01
17	admin	0002_logentry_remove_auto_add	2026-06-17 23:53:54.848199+01
18	admin	0003_logentry_add_action_flag_choices	2026-06-17 23:53:54.866861+01
19	sessions	0001_initial	2026-06-17 23:53:54.880594+01
20	ghadapi	0002_alter_person_nin_alter_person_phone	2026-06-19 15:33:11.776258+01
\.


--
-- Data for Name: django_session; Type: TABLE DATA; Schema: public; Owner: yassine
--

COPY public.django_session (session_key, session_data, expire_date) FROM stdin;
\.


--
-- Data for Name: ghadapi_activity; Type: TABLE DATA; Schema: public; Owner: yassine
--

COPY public.ghadapi_activity (id, name, description, department_id) FROM stdin;
1	ادارة صيدلية الجمعية		1
2	قطرة حياة		1
\.


--
-- Data for Name: ghadapi_department; Type: TABLE DATA; Schema: public; Owner: yassine
--

COPY public.ghadapi_department (id, name, description) FROM stdin;
1	النادي الطبي	
2	النادي الاجتماعي	
\.


--
-- Data for Name: ghadapi_distributionitem; Type: TABLE DATA; Schema: public; Owner: yassine
--

COPY public.ghadapi_distributionitem (id, quantity, distribution_id, stock_id) FROM stdin;
\.


--
-- Data for Name: ghadapi_donationitem; Type: TABLE DATA; Schema: public; Owner: yassine
--

COPY public.ghadapi_donationitem (id, quantity, expiration_date, drug_id, donation_id) FROM stdin;
\.


--
-- Data for Name: ghadapi_drug; Type: TABLE DATA; Schema: public; Owner: yassine
--

COPY public.ghadapi_drug (id, code, dci_name, form, dosage) FROM stdin;
1	01 A 003	CETIRIZINE DICHLORHYDRATE	tablet	10MG
2	01 A 005	DEXCHLORPHENIRAMINE MALEATE	tablet	2MG
3	01 A 007	DEXCHLORPHENIRAMINE MALEATE	syrup	0,5MG/5ML
4	01 A 008	DOXYLAMINE SUCCINATE	syrup	0,125 % 6,25MG/5ML
5	01 A 009	MEQUITAZINE	tablet	5MG
6	01 A 011	PROMETHAZINE CHLORHYDRATE EXPRIME EN PROMETHAZINE	injection	50MG/02ML
7	01 A 032	MEQUITAZINE	syrup	2,5MG/5ML (0,05%)
8	01 A 033	LORATADINE	tablet	10MG
9	01 A 034	LORATADINE	syrup	1MG/ML
10	01 A 039	FEXOFENADINE CHLORHYDRATE	tablet	120MG
11	01 A 040	FEXOFENADINE CHLORHYDRATE	tablet	180MG
12	01 A 041	CETIRIZINE DICHLORHYDRATE	syrup	10MG/ML
13	01 A 043	RUPATADINE S/F FUMARATE	tablet	10MG
14	01 A 044	DIPHENHYDRAMINE CHLORHYDRATE	tablet	50 MG
15	01 A 047	DESLORATADINE	tablet	5MG
16	01 A 048	DESLORATADINE	syrup	0,5MG/ML
17	01 A 049	BILASTINE	tablet	20MG
18	01 A 051	MEQUITAZINE	tablet	10MG
19	01 A 053	CYPROHEPTADINE CHLORHYDRATE EXPRIME EN CYPROHEPTADINE	syrup	2MG/5ML
20	01 A 054	LEVOCETIRIZINE DICHLORHYDRATE	tablet	05 MG
21	01 A 055	CYPROHEPTADINE CHLORHYDRATE EXPRIME EN CYPROHEPTADINE	tablet	4MG
22	01 A 056	EBASTINE	tablet	10MG
23	01 A 057	FEXOFENADINE CHLORHYDRATE	syrup	30 MG/5 ML
24	01 A 058	DICHLORBYDRATE DE LEVOCETIRIZINE	syrup	0.5 MG/ML
25	01 A 059	BILASTINE	tablet	10MG
26	01 D 029	EXTRAITS ALLERGENIQUES DERMATOPHAGOIDES PTERONYSSINUS	injection	0,1IR/ML+1IR/ML+10IR/ML
27	01 D 030	EXTRAITS ALLERGENIQUS DERMATOPHAGOIDES PTERONYSSINUS	injection	10IR/ML
28	01 D 037	EXTRAITS ALLERGENIQUES MELANGE DE 5 GRAMINES	injection	0,1IR/ML+1IR/ML+10IR/ML
29	01 D 038	EXTRAITS ALLERGENIQUES MELANGE DE 5 GRAMINES	injection	10IR/ML
30	01 D 052	EXTRAITS ALLERGENIQUES DERMARTOPHAGOIDES PTERONYSSINUS/DERMATOPHAGOIDES FARINEA (50/50)	injection	10+100+300 IR/ML - 300 IR/ML
31	02 A 001	FENTANYL CITRATE EXPRIME EN FENTANYL	injection	100UG/2ML (0,1MG/2ML) (0,05MG/ML)
32	02 A 002	FENTANYL CITRATE EXPRIME EN FENTANYL	injection	500UG/10ML (0,5MG/10ML) (0,05MG/ML)
33	02 A 041	SUFENTANIL SOUS FORME CITRATE DE SUFENTANIL	injection	250µG/5ML
34	02 A 050	ALFENTANYL CHLORHYDRATE	injection	5MG (0.5MG/ML)
35	02 A 055	SUFENTANIL SOUS FORME CITRATE DE SUFENTANIL	injection	5µG/ML
36	02 A 062	CHLORHYDRATE DE REMIFENTANIL	injection	2MG/FLACON
37	02 A 063	CHLORHYDRATE DE REMIFENTANIL	injection	5MG/FLACON
38	02 B 006	HALOTHANE	other	100% ( 498 MG/250ML)
39	02 B 007	ISOFLURANE	other	100ML/100ML - 250ML/250ML
40	02 B 009	KETAMINE CHLORHYDRATE EXPRIME EN KETAMINE	injection	50MG/ML
41	02 B 011	PROPOFOL	injection	1% (OU 10MG/ML) ( OU 200MG/20ML)
42	02 B 012	THIOPENTAL SODIQUE ET CARBONATE DE SODIUM EXPRIME EN THIOPENTAL SODIUM	injection	0,5G
43	02 B 013	THIOPENTAL SODIQUE ET CARBONATE DE SODIUM EXPRIME EN THIOPENTAL SODIUM	injection	1G
44	02 B 014	OXYGENE MEDICINAL GAZEUX	other	PURETE ≥ 99.50%
45	02 B 015	PROTOXYDE D'AZOTE MEDICINAL	other	GAZ LIQUEFIE SOUS PRESSION ( PURETE ≥ 98% V/V N2O)
46	02 B 016	OXYGENE MEDICINAL LIQUIDE	other	PURETE ≥ 99.95%
47	02 B 057	SEVOFLURANE	other	100 ML/100 ML
48	02 B 058	ETOMIDATE	injection	2MG/ML
49	02 B 061	SUGAMMADEX SODIQUE EXPRIME EN SUGAMMADEX	injection	100MG/ML (200MG/2ML) (500MG/5ML)
50	02 B 067	PROPOFOL	injection	1%(10MG/ML)
51	02 C 016	BUPIVACAINE HYDROCHLORIDE EXPRIME EN BUPIVACAINE HYDROCHLORIDE ANHYDRE	injection	0,5 % ( 20MG/4ML)
52	02 C 018	LIDOCAINE CHLORHYDRATE	injection	0,01
53	02 C 019	LIDOCAINE CHLORHYDRATE ANHYDRE	injection	0,02
54	02 C 022	LIDOCAINE CHLORHYDRATE / EPINEPHRINE	injection	1ML CONTIENT 24.64MG LIDO../ 0.0125MG EPIN
55	02 C 027	LIDOCAÏNE CHLORHYDRATE EXPRIME EN CHLORHYDRATE DE LIDOCAÏNE ANHYDRE	cream	2% ( 2G/100G DE GEL)
56	02 C 028	MEPIVACAINE CHLORHYDRATE / ADRENALINE	other	0,02
57	02 C 030	MEPIVACAINE HYDROCHLORIDE	other	30MG/ML
58	02 C 046	LIDOCAINE/PRILOCAINE	cream	5% (2,5G/100G/2,5G/100G)
59	02 C 053	CHLORHYDRATE D'ARTICAINE / TRATRATE D'ADRENALINE	injection	40MG/0.001MG PAR 1ML
60	02 C 068	ARTICALINE CHLORHYDRATE / EPINEPHRINE BITARTRATE	injection	1ML CONTIENT 40MG ARTI../0.018MG EPIN
61	02 D 038	VECURONIUM BROMURE	injection	4MG/FL. DE LYOPH.
62	02 D 047	ATRACURIUM BESYLATE	injection	10MG/ML (50MG/5ML)
63	02 D 049	ROCURONIUM BROMIDE	injection	10 MG/ML
64	03 A 001	ACIDE ACETYLSALICYLIQUE	tablet	500MG
65	03 A 004	ACETYLSALICYLATE DE DL LYSINE/ ACIDE ACETYLSALICYLIQUE	injection	0,9G/0,5G/FLACON
66	03 A 024	ACIDE ACETYLSALICYTIQUE	syrup	250MG
67	03 A 025	ACIDE ACETYLSALICYTIQUE	syrup	500MG
68	03 A 033	ACIDE ACETYLSALICYLIQUE/ACIDE ASCORBIQUE	tablet	330MG/200MG
69	03 A 069	ACETYLSALICYLATE DE DL LYSINE EXPRIME EN ACIDE ACETYLSALICYLIQUE	syrup	1G
70	03 A 102	ACIDE ACETYLSALICYLIQUE/CAFEINE	tablet	500MG/50MG
71	03 A 104	ACIDE ACETYLSALICYTIQUE/SOUS FORME DE ACETYLSALICYLATE DE DL-LYSINE	syrup	100MG/SACHET ET 180MG/SACHET
72	03 B 005	PARACETAMOL	tablet	500MG
73	03 B 006	PARACETAMOL	syrup	100MG
74	03 B 007	PARACETAMOL	cream	100MG
75	03 B 026	PARACETAMOL/CODEINE PHOSPHATE HEMIHYDRATE	tablet	400MG/20MG
76	03 B 027	PARACETAMOL/CODEINE PHOSPHATE HEMIHYDRATE	tablet	500 MG/30 MG
77	03 B 028	PARACETAMOL/CODEINE PHOSPHATE HEMIHYDRATE	tablet	500MG/30MG
78	03 B 041	PARACETAMOL	cream	150MG
79	03 B 042	PARACETAMOL	cream	200MG
80	03 B 043	PARACETAMOL	cream	300MG
81	03 B 044	PARACETAMOL	syrup	150MG
82	03 B 045	PARACETAMOL	syrup	200 MG
83	03 B 046	PARACETAMOL	syrup	300MG
84	03 B 057	PARACETAMOL/PSEUDOEPHEDRINE (SOUS FORME DE CHLORHYDRATE)	tablet	500MG/30MG
85	03 B 061	PARACETAMOL	syrup	0,03
86	03 B 066	PARACETAMOL	syrup	500MG
87	03 B 067	PARACETAMOL	injection	10MG/ML (1000MG/100ML)
88	03 B 080	PARACETAMOL	tablet	1G
89	03 B 081	PARACETAMOL	tablet	1000MG
90	03 B 088	PARACETAMOL/CAFEINE ANHYDRE	tablet	500MG/65MG
91	03 B 096	PARACETAMOL	cream	170MG
92	03 B 114	PARACETAMOL/CAFEINE ANHYDRE	tablet	500MG/50MG
93	03 B 117	PARACETAMOL	syrup	120MG/5ML (2,4G/100ML)
94	03 B 118	PARACETAMOL / ACIDE ASCORBIQUE	tablet	500MG / 200MG
95	03 B 119	MORPHINE SULFATE	tablet	10MG
96	03 B 120	MORPHINE SULFATE	tablet	30MG
97	03 B 121	MORPHINE SULFATE	tablet	60MG
98	03 B 122	MORPHINE SULFATE	tablet	100MG
99	03 B 123	PARACETAMOL	tablet	1000 MG
100	03 B 125	PARACETAMOL	other	200MG/STICK
101	03 B 126	PARACETAMOL	other	300MG/STICK
102	03 F 013	BUPRENORPHINE CHLORHYDRATE EXPRIME EN BUPRENORPHINE	injection	0,3MG/ML
103	03 F 042	METOCLOPRAMIDE CHLORHYDRATE ANHYDRE	injection	10MG/2ML
104	03 F 047	TRAMADOL CHLORHYDRATE EXPRIME EN TRAMADOL	tablet	50MG
105	03 F 049	CHLORHYDRATE DE TRAMADOL	cream	100MG
106	03 F 082	ADENOSINE TRIPHOSPHATE	tablet	30MG
107	03 F 107	TRAMADOL CHLORHYDRATE (TRAMADOL)	tablet	100MG
108	03 F 111	TRAMADOL CHLORHYDRATE EXPRIME EN TRAMADOL	injection	50MG/ML
109	03 F 115	PARACETAMOL/TRAMADOL CHLORHYDRATE	tablet	325MG/37,5MG
110	03 F 131	TRAMADOL HYDROCHLORIDE	tablet	300 MG
111	03 F 133	PARACETAMOL/CAFEINE ANHYDRE/CODEINE HEMIHYDRATE	tablet	400MG/50MG/20MG
112	03 G 072	SULFATE DE MORPHINE	tablet	10 MG/GELULE
113	03 G 132	FENTANYL	cream	100MG/PUL
114	03 G 133	FENTANYL	cream	400MCG/PUL
115	03 H 112	CHLORHYDRATE DE NEFOPAM	injection	20MG/2ML
116	03 H 124	DEXKETOPROFENE(TROMETAMOL)	tablet	25 MG
117	04 B 004	DICLOFENAC SODIQUE	injection	25MG/ML (75MG/3ML)
118	04 B 005	DICLOFENAC SODIQUE	tablet	25MG
119	04 B 006	DICLOFENAC SODIQUE	tablet	50MG
120	04 B 007	DICLOFENAC SODIQUE	tablet	100MG
121	04 B 008	DICLOFENAC SODIQUE	cream	25MG
122	04 B 009	DICLOFENAC SODIQUE	cream	100MG
123	04 B 010	IBUPROFENE	tablet	400MG
124	04 B 013	INDOMETACINE	tablet	25MG
125	04 B 017	KETOPROFENE	cream	100MG
126	04 B 018	KETOPROFENE	injection	100MG/2ML
127	04 B 019	NAPROXENE SODIQUE	tablet	275MG
128	04 B 020	NAPROXENE SODIQUE ANHYDRE	tablet	550MG
129	04 B 022	PIROXICAM SOUS FORME DE COMPLEXE PIROXICAM - BETA - CYCLODEXTRINE (PIROXICAM)	tablet	20MG
130	04 B 023	PIROXICAM	cream	20MG
131	04 B 024	PIROXICAM	injection	20MG/ML
132	04 B 029	ACIDE NIFLUMIQUE	tablet	250MG
133	04 B 030	MORNIFLUMATE	cream	700MG
134	04 B 031	MORNIFLUMATE	cream	400MG
135	04 B 032	KETOPROFENE	tablet	200MG
136	04 B 033	FLURBIPROFENE	tablet	100MG
137	04 B 034	KETOPROFENE	tablet	100MG
138	04 B 035	CELECOXIB	tablet	100MG
139	04 B 036	CELECOXIB	tablet	200MG
140	04 B 037	DICLOFENAC SODIQUE	tablet	75MG
141	04 B 040	IBUPROFENE	tablet	200MG
142	04 B 042	IBUPROFENE	syrup	20MG/ML
143	04 B 044	IBUPROFENE	tablet	600MG
144	04 B 045	DIACEREINE	tablet	50MG
145	04 B 046	DICLOFENAC SODIQUE	cream	50MG
146	04 B 049	KETOPROFENE	cream	30MG
147	04 B 052	IBUPROFENE	tablet	400MG
148	04 B 057	KETOPROFENE	other	100MG/FL. DE PDRE.
149	04 B 058	MELOXICAM	tablet	15MG
150	04 B 059	IBUPROFENE / PARACETAMOL	tablet	200 MG/400 MG
151	04 B 060	MELOXICAM	tablet	7,5MG
152	04 B 061	DICLOFENAC POTASSIQUE	tablet	12,5MG
153	04 B 062	DICLOFENAC SODIQUE	tablet	75MG
154	04 B 063	DICLOFENAC POTASSIUM	tablet	50MG
155	04 B 070	ACIDE MEFENAMIQUE	tablet	500MG
156	04 B 071	PARECOXIB	injection	40MG/FLACON
157	04 B 072	IBUPROFENE	tablet	600MG
158	04 B 073	DICLOFENAC POTASSIUM	syrup	50MG/SACHET
159	04 B 074	ETORICOXIB	tablet	120MG
160	04 B 075	ETORICOXIB	tablet	60MG
161	04 B 076	ETORICOXIB	tablet	90MG
162	04 B 077	IBUPROFENE LYSINE	injection	400 MG/3 ML
163	04 B 078	PARACETAMOL/IBUPROFENE	tablet	500MG/200MG
164	04 B 079	DEXKETOPROFENE TROMETAMOL	syrup	25MG/10ML
165	04 B 080	ETORICOXIB	tablet	30MG
166	04 B 081	LORNOXICAM	tablet	8MG
167	04 B 083	IBUPROFENE	tablet	400MG
168	04 B 082	LORNOXICAM	tablet	4MG
169	04 B 084	IBUPROFENE	tablet	200MG
170	04 B 085	IBUPROFENE SOUS FORME DE LYSINATE D'IBUPROFENE	tablet	400MG (684MG)
171	04 C 026	ALPHA AMYLASE	tablet	3000U.CEIP
172	04 C 027	ALPHA-AMYLASE	syrup	200 U CEIP/ML
173	05 A 004	BLEOMYCINE	injection	15MG
174	05 A 013	DACARBAZINE	injection	100MG
175	05 A 021	HYDROXYCARBAMIDE	tablet	500MG
176	05 A 024	MELPHALAN	tablet	2MG
177	05 A 028	METHOTREXATE	injection	25 MG/ML
178	05 A 032	METHOTREXATE	tablet	2,5MG
179	05 A 039	VINCRISTINE	other	1MG
180	05 A 085	GEMCITABINE CHLORHYDRATE EXPRIME EN GEMCITABINE	injection	1000MG
181	05 A 094	GEMCITABINE CHLORHYDRATE EXPRIME EN GEMCITABINE	other	200 MG
182	05 A 107	CYTARABINE	other	1000MG
183	05 B 043	AZATHIOPRINE	tablet	50MG
184	05 B 048	CICLOSPORINE	tablet	25MG
185	05 B 082	CICLOSPORINE	tablet	50MG
186	05 B 092	TACROLIMUS MONOHYDRATE EXPRIME EN TACROLIMUS	tablet	1MG
187	05 B 093	TACROLIMUS MONOHYDRATE EXPRIME EN TACROLIMUS	tablet	5MG
188	05 B 101	TACROLIMUS MONOHYDRATE EXPRIME EN TACROLIMUS	tablet	0,5MG
189	05 C 105	IMATINIB MESYLATE EXPRIME EN IMATINIB	tablet	100MG
190	05 C 113	IMATINIB MESYLATE EXPRIME EN IMATINIB	tablet	400MG
191	05 C 118	SUNITINIB	tablet	12,5MG
192	05 C 119	SUNITINIB	tablet	25MG
193	05 C 120	SUNITINIB	tablet	50MG
194	05 C 128	SORAFENIB	tablet	200MG
195	05 C 137	LAPATINIB DITOSYLATE EXPRIME EN LAPATINIB	tablet	250MG
196	05 C 144	DASATINIB MONOHYDRATE EXPRIME EN DASATINIB	tablet	20MG
197	05 C 145	DASATINIB MONOHYDRATE EXPRIME EN DASATINIB	tablet	50MG
198	05 C 146	DASATINIB MONOHYDRATE EXPRIME EN DASATINIB	tablet	70MG
199	05 C 148	NILOTINIB	tablet	200MG
200	05 C 163	GEFITINIB	tablet	250MG
201	05 C 166	PAZOPANIB CHLORHYDRATE EXPRIME EN PAZOPANIB	tablet	200MG
202	05 C 167	PAZOPANIB CHLORHYDRATE EXPRIME EN PAZOPANIB	tablet	400MG
203	05 C 174	ERLOTINIB CHLORHYDRATE EXPRIME EN ERLOTINIB	tablet	100MG
204	05 C 175	ERLOTINIB CHLORHYDRATE EXPRIME EN ERLOTINIB	tablet	150MG
205	05 C 179	REGORAFENIB	tablet	40MG
206	05 C 186	EVEROLIMUS	tablet	5MG
207	05 C 187	EVEROLIMUS	tablet	10MG
208	05 C 192	AFATINIB DIMALEATE EXPRIME EN AFATINIB	tablet	20MG
209	05 C 193	AFATINIB DIMALEATE	tablet	30MG
210	05 C 194	AFATINIB DIMALEATE	tablet	40MG
211	05 C 196	PALBOCICLIB	tablet	75MG
212	05 C 197	PALBOCICLIB	tablet	100MG
213	05 C 198	PALBOCICLIB	tablet	125MG
214	05 C 199	CRIZOTINIB	tablet	200 MG
215	05 C 200	CRIZOTINIB	tablet	250 MG
216	05 C 201	NILOTINIB	tablet	150MG
217	05 C 213	IBRUTINIB	tablet	140MG
218	05 C 214	AXITINIB	tablet	1MG
219	05 C 215	AXITINIB	tablet	5MG
220	05 C 223	NINTEDANIB ESILATE	tablet	100 MG
221	05 C 224	NINTEDANIB ESILATE	tablet	150 MG
222	05 C 226	VENETOCLAX	tablet	10 MG
223	05 C 227	VENETOCLAX	tablet	50MG
224	05 C 228	VENETOCLAX	tablet	100 MG
225	05 C 233	CABOZANTINIB	tablet	20 MG
226	05 C 234	CABOZANTINIB	tablet	40 MG
227	05 C 235	CABOZANTINIB	tablet	60 MG
228	05 C 236	OSIMERTINIB	tablet	40MG
229	05 C 237	OSIMERTINIB	tablet	80MG
230	05 C 239	LENVATINIB	tablet	4 MG
231	05 C 240	LENVATINIB	tablet	10 MG
232	05 C 247	NERATINIB	tablet	40MG
233	05 C 251	BOSUTINIB	tablet	100MG
234	05 C 252	BOSUTINIB	tablet	500MG
235	05 C 257	PONATINIB	tablet	15 mg
236	05 C 258	PONATINIB	tablet	45 mg
237	05 C 260	ACALABRUTINIB	tablet	100MG
238	05 C 264	GILTERITINIB SOUS FORME DE FUMARATE	tablet	40MG
239	05 D 109	RITUXIMAB	injection	10MG/ML (100MG/10ML ET 500MG/50ML)
240	05 D 112	TRASTUZUMAB	injection	150MG
241	05 D 134	BEVACIZUMAB	injection	25MG/ML
242	05 D 157	CETUXIMAB	injection	5MG/ML (100MG/20ML - 500MG/100ML)
243	05 D 169	PANITUMUMAB	injection	20MG/ML (100MG/5ML) (400MG/20ML)
244	05 D 170	INFLIXIMAB	injection	100MG/FL
245	05 D 178	TRASTUZUMAB	other	440MG
246	05 D 189	BRENTUXIMAB VEDOTIN TAKEDA	injection	5 MG/ML
247	05 D 202	PEMBROLIZUMAB	injection	25 MG/ML
248	05 D 203	TRASTUZUMAB EMTANSINE	injection	20 MG/ML
249	05 D 204	PERTUZUMAB	injection	30 MG/ML
250	05 D 205	NIVOLUMAB	injection	10 MG/ML
251	05 D 216	BLINATUMOMAB	other	35µG
252	05 D 220	RAMUCIRUMAB	injection	10MG/ML
253	05 D 222	GOLIMUMAB	other	50MG/STYLO
254	05 D 230	DARATUMUMAB	other	20 MG/ML
255	05 D 235	ATEZOLIZUMAB	injection	1200 MG
256	05 D 240	TRASTUZUMAB / PERTUZUMAB	injection	600MG/ML
257	05 D 241	TRASTUZUMAB/PERTUZUMAB	injection	600MG/1200MG/15ML
258	05 D 242	AVELUMAB	injection	20MG/ML
259	05 D 255	ISATUXIMAB	injection	20MG/ML
260	05 D 256	INOTUZUMAB OZOGAMICINE	injection	0,9MG
261	05 D 271	IPILIMUMAB	injection	5MG/ML
262	05 E 135	TAMOXIFENE SOUS FORME DE CITRATE DE TAMOXIFENE	tablet	10MG
263	05 E 136	CITRATE  DE TAMOXIFENE	tablet	20MG
264	05 E 140	TRIPTORELINE PAMOATE	injection	11,25 MG/FLACON DE POUDRE
265	05 E 162	ACETATE D'ABIRATERONE	tablet	250MG
266	05 E 164	FLUVESTRANT	injection	250MG/5ML
267	05 E 171	LEUPRORELINE ACETATE	other	22,5MG
268	05 E 172	LEUPRORELINE ACETATE	other	45MG
269	05 E 190	ENZALUTAMIDE	tablet	40MG
270	05 E 243	ACETATE D'ABIRATERONE	tablet	500MG
271	05 E 268	APALUTAMIDE	tablet	60MG
272	05 E 274	ENZALUTAMIDE	tablet	40MG
273	05 E 275	ENZALUTAMIDE	tablet	80MG
622	07 P 071	HEXAMIDINE	other	0.1%
274	05 F 123	ACIDE ZOLEDRONIQUE MONOHYDRATE	injection	0,8MG/ML (4MG/5ML)
275	05 F 153	CLODRONATE DISODIQUE TETRAHYDRATE	tablet	800MG
276	05 F 165	ACIDE ZOLEDRONIQUE MONOHYDRATE EXPRIME EN ACIDE ZOLEDRONIQUE	injection	5MG/100ML
277	05 F 176	DENOSUMAB	injection	70MG/ML (120MG/1,7ML)
278	05 G 009	CYCLOPHOSPHAMIDE MONOHYDRATEE EXPRIME EN CYCLOPHOSPHAMIDE	injection	200MG/FL. DE PDRE.
279	05 G 010	CYCLOPHOSPHAMIDE MONOHYDRATEE EXPRIME EN CYCLOPHOSPHAMIDE	injection	500MG/FL. DE PDRE.
280	05 G 011	CYCLOPHOSPHAMIDE MONOHYDRATEE EXPRIME EN CYCLOPHOSPHAMIDE	tablet	50MG
281	05 G 014	DAUNORUBICINE CHLORHYDRATE EXPRIME EN DAUNORUBICINE	injection	20MG
282	05 G 015	DOXORUBICINE CHLORHYDRATE	injection	10MG/FL. DE LYOPH.
283	05 G 016	DOXORUBICINE CHLORHYDRATE	injection	50MG/FL. DE LYOPH.
284	05 G 019	ETOPOSIDE	injection	20MG/ML (100MG/5ML)
285	05 G 038	VINBLASTINE SULFATE	injection	10 MG
286	05 G 059	FLUOROURACILE	injection	50MG/ML
287	05 G 071	DOCETAXEL ANHYDRE	injection	20MG/ML
288	05 G 072	DOCETAXEL ANHYDRE	injection	80MG/4ML
289	05 G 075	FLUDARABINE PHOSPHATE	injection	50MG/FL. DE PDRE
290	05 G 076	CHLORHYDRATE D'IRINOTECAN TRIHYDRATE	injection	20MG/ML (40MG/2ML) (100MG/5ML)
291	05 G 085	GEMCITABINE CHLORHYDRATE EXPRIME EN GEMCITABINE	injection	1G/FL. DE PDRE.
292	05 G 089	OXALIPLATINE	other	50MG/FL. DE PDRE. (5MG/ML DE SOL. RECONSTITUEE)
293	05 G 090	OXALIPLATINE	other	100MG/FL. DE PDRE. (5MG/ML DE SOL. RECONSTITUEE)
294	05 G 100	PACLITAXEL	other	6MG/ML (30MG/5ML - 100MG/16,5ML - 300MG/50ML)
295	05 G 102	PEMETREXED DISODIQUE EXPRIME EN PEMETREXED	injection	500MG
296	05 G 103	EPIRUBICINE CHLORHYDRATE	injection	2MG/ML (10MG/5ML ET 50MG/25ML)
297	05 G 106	IFOSFAMIDE	injection	1G/FL. DE PDRE.
298	05 G 108	CAPECITABINE	tablet	500MG
299	05 G 115	VINORELBINE	tablet	30MG
300	05 G 130	TEMOZOLOMIDE	tablet	100 MG
301	05 G 131	TEMOZOLOMIDE	tablet	250MG
302	05 G 138	IFOSFAMIDE	injection	2G/FL. DE PDRE.
303	05 G 141	FLUDARABINE PHOSPHATE	tablet	10MG
304	05 G 147	BORTEZOMIB SOUS FORME DE BORTEZOMIB TRIMERIC BOROXINE	injection	3,5MG/FL.
305	05 G 152	PEMETREXED HEMIPENTAHYDRATE DISODIQUE	injection	100 MG/FLACON (20mg/ml)
306	05 G 156	CYTARABINE	other	100M/ML
307	05 G 158	VINFLUNINE DITRATRATE EXPRIME EN VINFLUNINE	injection	25MG/ML (50MG/2ML ET 250MG/10ML)
308	05 G 159	TEMOZOLOMIDE	tablet	20MG
309	05 G 173	BENDAMUSTINE CHLORHYDRATE	injection	2,5MG/ML (APRES RECONSTITUTION)
310	05 G 177	CABAZITAXEL	injection	60 MG/1.5 ML
311	05 G 180	DOXORUBICINE HYDROCHLORIDE LIPOSOME	other	2MG/ML
312	05 G 185	AZACITIDINE	other	25 MG/ML ( 100 MG/FL )
313	05 G 188	CHLORAMBUCIL	tablet	2 MG
314	05 G 191	ERIBULINE MESILATE EXPERIME EN ERIBULINE	injection	0,44 MG/ML
315	05 G 209	MELPHALAN	injection	50MG/10 ML
316	05 G 210	CARFILZOMIB	injection	60MG
317	05 G 221	BENDAMUSTINE CHLORHYDRATE MONOHYDRATE EXPERIME EN BENDAMUSTINE CHLORHYDRATE	injection	100 MG/FL
318	05 G 229	CABAZITAXEL MONOHYDRATE	injection	10MG/ML
319	05 G 245	GEMCITABINE CHLORHYDRATE EXPRIME EN GEMCITABINE	injection	200MG/5,26ML(38MG/ML)
320	05 G 246	GEMCITABINE CHLORHYDRATE EXPRIME EN GEMCITABINE	injection	1000MG/26,31ML
321	05 G 248	DOCETAXEL TRIHYDRATE	injection	20MG/ML
322	05 G 249	DOCETAXEL TRIHYDRATE	injection	80MG/8ML
323	05 H 132	FOLINATE DE CALCIUM (ACIDE FOLINIQUE)	injection	10MG/ML
324	05 J 149	MESNA	injection	100MG/ML (400MG/4ML)
325	05 K 154	ONDANSERTON	tablet	4 MG
326	05 K 155	ONDANSERTON	tablet	8 MG
327	05 K 217	NETUPITANT/PALONOSETRON	tablet	300MG/0.5MG
328	05 K 225	FOSAPREPITANT SOUS FORME DE FOSAPREPITANT DIMEGLUMINE	injection	150MG
329	05 K 230	APREPITANT/APREPITANT	tablet	80MG/125MG
330	05 K 238	APRPITANT 80MG / 125MG	tablet	80 MG/125 MG
331	05 L 181	LENALIDOMIDE	tablet	5MG
332	05 L 182	LENALIDOMIDE	tablet	10MG
333	05 L 183	LENALIDOMIDE	tablet	15MG
334	05 L 184	LENALIDOMIDE	tablet	25MG
335	05 L 211	AFLIBERCEPT SANOFI	injection	25MG/ML
336	05 L 266	POMALIDOMIDE	tablet	2MG
337	05 L 267	POMALIDOMIDE	tablet	3MG
338	05 L 269	POMALIDOMIDE	tablet	1MG
339	05 L 270	POMALIDOMIDE	tablet	04MG
340	05 M 206	VEMURAFENIB	tablet	240 MG
341	05 M 219	DICHLORURE DE RADIUM - 223	injection	1100 KBq/ML (6,6 MBq/FL)
342	05 N 250	OLAPARIB	tablet	100MG
343	05 N 251	OLAPARIB	tablet	150MG
344	05 N 259	NIRAPARIB	tablet	100MG
345	05 P 208	VISMODEGIB	tablet	150 MG
346	05 P 264	ENFORTUMAB VEDOTIN	injection	20MG
347	05 P 265	ENFORTUMAB VEDOTIN	injection	30MG
348	05 Q 243	USTEKINUMAB	injection	45 MG /0.5 ML
349	05 Q 244	USTEKINUMAB	injection	90 MG/ML
350	05 Q 245	USTEKINUMAB	injection	130 MG
351	05 R 253	TRIFLURIDINE/TIPIRACIL	tablet	15MG/6,14MG
352	05 R 254	TRIFLURIDINE/TIPIRACIL	tablet	20MG/8,19MG
353	05 R 272	CONJUGUE CHIMIQUE DE PROTEINE HUMAINE RECOMBINANTE DE FACTEUR DE CROISSANCE EPIDERMIQUE COUPLE A LA PROTEINE VECTRICE RP64K	injection	1MG/ML
354	05 S 261	IXAZOMIB	tablet	2,3MG
355	05 S 262	IXAZOMIB	tablet	3MG
356	05 S 263	IXAZOMIB	tablet	4MG
357	06 A 002	ADRENALINE TARTRATE EXPRIME EN ADRENALINE	injection	1MG/ML
358	06 A 008	NORADREALINE TARTRATE	injection	8MG/4ML
359	06 A 253	DOBUTAMINE	injection	250MG
360	06 B 009	DILTIAZEM CHLORHYDRATE	tablet	60MG
361	06 B 010	DILTIAZEM CHLORHYDRATE	tablet	300MG
362	06 B 015	NICARDIPINE CHLORHYDRATE	tablet	50MG
363	06 B 016	NICARDIPINE CHLORHYDRATE	injection	1MG/ML (10MG/10ML)
364	06 B 123	AMLODIPINE BESILATE EXPRIME EN AMLODIPINE	tablet	5MG
365	06 B 129	AMLODIPINE BESILATE (AMLODIPINE)	tablet	5MG
366	06 B 243	AMLODIPINE SOUS  FORME BESYLATE	tablet	10MG
367	06 B 315	CANDESARTAN CILEXETIL/AMPLODIPINE	tablet	8MG/5MG
368	06 B 345	CANDESARTAN CILEXETIL/AMPLODIPINE	tablet	16MG/5MG
369	06 B 346	CANDESARTAN CILEXETIL/AMPLODIPINE	tablet	16MG/10MG
370	06 C 022	MOLSIDOMINE	tablet	2MG
371	06 C 023	MOLSIDOMINE	tablet	4MG
372	06 C 210	TIROFIBAN CHLORHYDRATE MONOHYDRATE EXPRIME EN TIROFIBAN	injection	0,25MG/ML
373	06 C 317	ABCIXIMAB	injection	2MG/ML ( 10MG/5ML)
374	06 D 040	AMIODARONE	injection	50MG/ML
375	06 D 041	AMIODARONE CHLORHYDRATE	tablet	200MG
376	06 D 046	ACETATE DE FLECAINIDE	tablet	100MG
377	06 D 325	FLECAINIDE ACETATE	tablet	50MG
378	06 D 326	FLECAINIDE ACETATE	tablet	100MG
379	06 D 327	FLECAINIDE ACETATE	tablet	200MG
380	06 E 052	CAPTOPRIL	tablet	25MG
381	06 E 053	CAPTOPRIL	tablet	50MG
382	06 E 055	CHLORHYDRATE DE CLONIDINE	injection	150 UG/ML
383	06 E 056	CLONIDINE CHLORHYDRATE	tablet	0,15MG
384	06 E 059	ENALAPRIL MALEATE	tablet	5MG
385	06 E 060	ENALAPRIL MALEATE	tablet	20MG
386	06 E 061	METHYLDOPA ANHYDRE SOUS FORME SESQUIHYDRATEE	tablet	250MG
387	06 E 126	LOSARTAN POTASSIQUE	tablet	50MG
388	06 E 127	RAMIPRIL	tablet	2.5MG
389	06 E 128	RAMIPRIL	tablet	5MG
390	06 E 129	QUINAPRIL CHLORHYDRATE EXPRIME EN QUINAPRIL	tablet	5MG
391	06 E 130	QUINAPRIL CHLORHYDRATE EXPRIME EN QUINAPRIL	tablet	20MG
392	06 E 131	QUINAPRIL CHLORHYDRATE EXPRIME EN QUINAPRIL/HYDROCHLOROTHIAZIDE	tablet	20MG/12,5MG
393	06 E 137	CAPTOPRIL/HYDROCHLOROTHIAZIDE	tablet	50MG/25MG
394	06 E 139	RAMIPRIL	tablet	1,25MG
395	06 E 143	MOXONIDINE	tablet	0,2MG
396	06 E 144	MOXONIDINE	tablet	0,4MG
397	06 E 146	VALSARTAN	tablet	40MG
398	06 E 147	VALSARTAN	tablet	80MG
399	06 E 156	IRBESARTAN	tablet	150MG
400	06 E 157	IRBESARTAN	tablet	300MG
401	06 E 158	VALSARTAN/HYDROCHLOROTHIAZIDE	tablet	80MG/12,5MG
402	06 E 165	PERINDOPRIL TER-BUTYLAMINE	tablet	4MG
403	06 E 166	VALSARTAN	tablet	160MG
404	06 E 167	LOSARTAN POTASSIQUE/HYDROCHLOROTHIAZIDE	tablet	50MG/12,5MG
405	06 E 168	LERCANIDIPINE CHLORHYDRATE	tablet	10MG
406	06 E 196	CADESARTAN CILEXETIL	tablet	4MG
407	06 E 197	CANDESARTAN CILEXETIL	tablet	8MG
408	06 E 201	RAMIPRIL	tablet	10MG
409	06 E 219	IRBESARTAN + HYDROCHLOROTHIAZIDE	tablet	150MG/12,5MG
410	06 E 220	IRBESARTAN/HYDROCHLOROTHIAZIDE	tablet	300MG/12,5MG
411	06 E 227	PERINDOPRIL TER-BUTYLAMINE/INDAPAMIDE	tablet	2MG/0,625MG
412	06 E 228	PERINDOPRIL TER-BUTYLAMINE/INDAPAMIDE	tablet	4MG/1,25MG
413	06 E 230	CANDESARTAN CILEXETIL/HYDROCHLOROTHIAZIDE	tablet	8MG/12,5MG
414	06 E 231	CANDESARTAN CILEXETIL/HYDROCHLOROTHIAZIDE	tablet	16MG/12,5MG
415	06 E 234	CANDESARTAN CILEXETIL	tablet	16MG
416	06 E 237	VALSARTAN/HYDROCHLOROTHIAZIDE	tablet	160MG/12,5MG
417	06 E 238	VALSARTAN/HYDROCHLOROTHIAZIDE	tablet	160MG/25MG
418	06 E 239	LOSARTAN POTASSIQUE/HYDROCHLOROTHIAZIDE	tablet	100MG/25MG
419	06 E 240	LOSARTAN POTASSIQUE	tablet	100MG
420	06 E 246	PERINDOPRIL TER-BUTYLAMINE	tablet	8MG
421	06 E 256	IRBESARTAN/HYDROCHLOROTHIAZIDE	tablet	300MG/25MG
422	06 E 257	AMLODIPINE BESILATE EXPRIME EN AMLODIPINE/VALSARTAN	tablet	5MG/80MG
423	06 E 258	AMLODIPINE BESILATE EXPRIME EN AMLODIPINE/VALSARTAN	tablet	5MG/160MG
424	06 E 259	AMLODIPINE BESILATE EXPRIME EN AMLODIPINE/VALSARTAN	tablet	10MG/160MG
425	06 E 260	OLMESARTAN MEDOXOMIL	tablet	10MG
426	06 E 261	OLMESARTAN MEDOXOMIL	tablet	20MG
427	06 E 262	OLMESARTAN MEDOXOMIL	tablet	40MG
428	06 E 263	TELMISARTAN	tablet	40MG
429	06 E 264	TELMISARTAN	tablet	80MG
430	06 E 265	TELMISARTAN/HYDROCHLOROTHIAZIDE	tablet	40MG/12,5MG
431	06 E 266	TELMISARTAN/HYDROCHLOROTHIAZIDE	tablet	80MG/12,5MG
432	06 E 277	RAMIPRIL/HYDROCHLOROTHIAZIDE	tablet	5MG/12,5MG
433	06 E 278	RAMIPRIL/HYDROCHLOROTHIAZIDE	tablet	10MG/25MG
434	06 E 283	PERINDOPRIL ARGININE	tablet	5MG
435	06 E 284	PERINDOPRIL ARGININE	tablet	10MG
436	06 E 289	RAMIPRIL/HYDROCHLOROTHIAZIDE	tablet	10MG/12.5MG
437	06 E 300	PERINDOPRIL ARGININE/INDAPAMIDE	tablet	2,5MG/0,625MG
438	06 E 301	PERINDOPRIL ARGININE/INDAPAMIDE	tablet	5MG/1,25MG
439	06 E 307	VALSARTAN/HYDROCHLOROTHIAZIDE	tablet	320MG/25MG
440	06 E 308	VALSARTAN	tablet	320MG
441	06 E 310	AMLODIPINE BESILATE EXPRIME EN AMLODIPINE/IRBESARTAN	tablet	5MG/150MG
442	06 E 311	AMLODIPINE BESILATE EXPRIME EN AMLODIPINE/IRBESARTAN	tablet	5MG/300MG
443	06 E 312	IRBESARTAN/AMLODIPINE	tablet	300MG/10MG
444	06 E 316	TELMISARTAN/HYDROCHLOROTHIAZIDE	tablet	80MG/25 MG
445	06 E 318	IRBESARTAN/AMLODIPINE	tablet	150MG/10MG
446	06 E 319	AMLODIPINE BESILATE (AMLODIPINE)/PERINDOPRIL ARGININE (PERINDOPRIL)	tablet	5MG/5MG
531	06 M 236	FLUVASTATINE SODIQUE (FLUVASTATINE)	tablet	80MG
447	06 E 320	PERINDOPRIL ARGININE (PERINDOPRIL)/AMLODIPINE BESILATE (AMLODIPINE)	tablet	10MG/5MG
448	06 E 321	PERINDOPRIL ARGININE (PERINDOPRIL)/AMLODIPINE BESILATE (AMLODIPINE)	tablet	5MG/10MG
449	06 E 322	AMLODIPINE BESILATE (AMLODIPINE)/PERINDOPRIL ARGININE (PERINDOPRIL)	tablet	10MG/10MG
450	06 E 329	PERINDOPRIL ARGININE/INDAPAMIDE	tablet	10MG/2,5MG
451	06 E 333	AZILSARTAN MEDOXOMIL POTASSIUM	tablet	40MG
452	06 E 334	AZILSARTAN MEDOXOMIL POTASSIUM	tablet	80MG
453	06 E 335	AZILSARTANMEDOXOMIL POTASSIUM / CHLORTHALIDONE	tablet	40MG
454	06 E 336	AZILSARTAN MEDOXOMIL POTASSIUM/CHLORTHALIDONE	tablet	40MG/25MG
455	06 E 337	TELMISARTAN/ AMLODIPINE	tablet	80MG / 05 MG
456	06 E 338	TELMISARTAN/ AMLODIPINE	tablet	80 MG / 10 MG
457	06 E 339	TELMISARTAN/ AMLODIPINE	tablet	40 MG / 05 MG
458	06 E 340	VALSARTAN /AMLODIPINE/HYDROCHLOROTHIAZIDE	tablet	160MG/5MG/12,5MG
459	06 E 341	VALSARTAN /AMLODIPINE/HYDROCHLOROTHIAZIDE	tablet	160 MG/5 MG/25 MG
460	06 E 342	VALSARTAN/AMLODIPINE/HYDROCHLOROTHIAZIDE	tablet	160MG/10MG/12,5MG
461	06 E 343	VALSARTAN /AMLODIPINE/HYDROCHLOROTHIAZIDE	tablet	160MG/10MG/25MG
462	06 E 344	CHLORHYDRATE DE CLONIDINE	injection	150 UG/ML
463	06 E 345	AMLODIPINE/VALSARTAN/HYDROCHLOROTHIAZIDE	tablet	10MG/320MG/25MG
464	06 E 357	PERINDOPRIL ARGININE/INDAPAMIDE/AMLODIPINE	tablet	10MG/2,5MG/10MG
465	06 E 358	PERINDOPRIL ARGININE/INDAPAMIDE/AMLODIPINE	tablet	10MG/2,5MG/5MG
466	06 E 359	PERINDOPRIL ARGININE/INDAPAMIDE/AMLODIPINE	tablet	5MG/1,25MG/5MG
467	06 E 360	PERINDOPRIL ARGININE/INDAPAMIDE/AMLODIPINE	tablet	5MG/1,25MG/10MG
468	06 F 067	ACEBUTOLOL CHLORHYDRATE	tablet	200MG
469	06 F 069	ATENOLOL	tablet	100MG
470	06 F 071	SUCCINATE DE METOPROLOL	tablet	200MG
471	06 F 073	PROPRANOLOL CHLORHYDRATE	tablet	40MG
472	06 F 149	ATENOLOL	tablet	50MG
473	06 F 162	BISOPROLOL FUMARATE	tablet	10MG
474	06 F 204	TARTRATE DE METOPROLOL	tablet	100MG
475	06 F 208	CARVEDILOL	tablet	6,25MG
476	06 F 209	CARVEDILOL	tablet	25 MG
477	06 F 250	CARVEDILOL	tablet	12,5MG
478	06 F 252	CARVEDILOL	tablet	3,125MG
479	06 F 267	BISOPROLOL FUMARATE	tablet	5MG
480	06 F 273	NEBIVOLOL CHLORHYDRATE (NEBIVOLOL)	tablet	5MG
481	06 F 299	BISOPROLOL FUMARATE/HYDROCHLOROTHIAZIDE	tablet	5MG/6,25MG
482	06 F 302	BISOPROLOL FUMARATE/HYDROCHLOROTHIAZIDE	tablet	10MG/6,25MG
483	06 F 309	SUCCINATE DE METOPROLOL	tablet	95MG
484	06 F 323	NEBIVOLOL CHLORHYDRATE (NEBIVOLOL)	tablet	2,5 MG
485	06 F 362	BISOPROLOL FUMARATE	tablet	2,5MG
486	06 G 079	DIGOXINE	tablet	0.25MG
487	06 G 080	DIGOXINE	syrup	0,05MG/ML
488	06 G 082	CHLORHYDRATE D'ISOPRENALINE	injection	0,2MG/ML
489	06 G 253	CHLORHYDRATE D'EPHEDRINE	injection	30MG/ML
490	06 G 324	LEVOSIMENDAN	other	2,5MG/ML
491	06 G 332	MILRINONE	injection	10MG/10 ML
492	06 H 084	ACETAZOLAMIDE	tablet	250 MG
493	06 H 087	FUROSEMIDE	injection	20MG/2ML
494	06 H 090	FUROSEMIDE	tablet	40MG
495	06 H 091	FUROSEMIDE	tablet	500MG
496	06 H 094	AMILORIDE CHLORHYDRATE/HYDROCHLOROTHIAZIDE	tablet	5MG/50MG
497	06 H 095	SPIRONOLACTONE MICRONISEE	tablet	75MG
498	06 H 096	SPIRONOLACTONE / ALTIZIDE	tablet	25MG/15MG
499	06 H 163	INDAPAMIDE	tablet	1,5MG
500	06 H 330	EPLERENONE	tablet	25MG
501	06 H 331	EPLERENONE	tablet	50MG
502	06 J 100	NAFTIDROFURYL HYDROGENO-OXALATE	tablet	100MG
503	06 J 101	NAFTIDROFURYL HYDROGENO-OXALATE	tablet	200MG
504	06 J 105	PENTOXIFYLLINE	tablet	400MG
505	06 J 106	TICLOPIDINE (SOUS FORME DE CHLORHYDRATE)**	tablet	250MG
506	06 J 107	TRIMETAZIDINE DICHLORHYDRATE	tablet	20MG
507	06 J 159	CLOPIDOGREL HYDROGENOSULFATE EXPRIME EN CLOPIDOGREL	tablet	75MG
508	06 J 226	TRIMETAZIDINE DICHLORHYDRATE	tablet	35MG
509	06 J 313	CLOPIDOGREL HYDROGENOSULFATE EXPRIME EN CLOPIDOGREL	tablet	300 MG
510	06 K 108	DIOSMINE	tablet	300MG
511	06 K 160	DIOSMINE	tablet	600MG
512	06 K 193	HYDROSMINE	tablet	200MG
513	06 K 199	FRACTION FLAVONOIQUE PURIFIEE MICRONISEE (SOIT EN DIOSMINE ET FLAVONOIDES EXPRIMES EN HESPERIDINE)	tablet	500MG (450MG EN DIOSMINE ET 50MG EN FLAVONOIDES EXPRIMES EN HESPERIDINE)
514	06 K 255	GINKGO BILOBA,EXTRAIT STANDARTISE TITRE A 24% D'HETEROSIDES DE GINKGO ET DE 6% DE GINKGOLIDES-BILOBALIDE/HEPTAMINOL (SOUS FORME DE CHLORHYDRATE)**/TROXERUTINE	tablet	0,014G/0,3G**/0,3G
515	06 K 340	CALCIUM DEBESILATE MONOHYDRATE	tablet	500 MG
516	06 K 341	CALCIUM DOBESILATE MONOHYDRATE	tablet	1000 MG
517	06 K 343	DIOSMINE	tablet	600MG
518	06 K 361	FRACTION FLAVONOIQUE PURIFIEE MICRONISEE	tablet	1000MG
519	06 M 120	FENOFIBRATE (MICRONISE)	tablet	200MG
520	06 M 127	ATORVASTATINE CALCIUM TRIHYDRATE EXPRIME EN ATORVASTATINE	tablet	20MG
521	06 M 134	PRAVASTATINE	tablet	20 MG
522	06 M 136	SIMVASTATINE	tablet	20MG
523	06 M 151	FLUVASTATINE SODIQUE EXPRIME EN FLUVASTATINE	tablet	40MG
524	06 M 166	VALSARTAN	tablet	160MG
525	06 M 198	ATORVASTATINE CALCIUM TRIHYDRATE EXPRIME EN ATORVASTATINE	tablet	10MG
526	06 M 203	SIMVASTATINE	tablet	40MG
527	06 M 214	FENOFIBRATE	tablet	160MG
528	06 M 225	ATORVASTATINE CALCIQUE TRIHYDRATE EXPRIME EN ATORVASTATINE	tablet	20MG
529	06 M 232	ATORVASTATINE CALCIQUE TRIHYDRATE EXPRIME EN ATORVASTATINE	tablet	40MG
530	06 M 233	ATORVASTATINE CALCIQUE TRIHYDRATE EXPRIME EN ATORVASTATINE	tablet	80MG
532	06 M 269	ROSUVASTATINE SOUS FORME DE ROSUVASTATINE CALCIQUE	tablet	10MG
533	06 M 270	ROSUVASTATINE SOUS FORME DE ROSUVASTATINE CALCIQUE	tablet	20MG
534	06 M 290	AMLODIPINE BESILATE (AMLODIPINE)/ATROVASTATINE CALCIQUE TRIHYDRATEE (ATROVASTATINE)	tablet	5MG/10MG
535	06 M 294	PRAVASTATINE SODIQUE	tablet	
536	06 M 295	PRAVASTATINE SODIQUE	tablet	10 MG
537	06 M 296	ROSUVASTATINE SOUS FORME DE ROSUVASTATINE CALCIQUE	tablet	5MG
538	06 M 297	AMLODIPINE BESILATE (AMLODIPINE)/ATROVASTATINE CALCIQUE TRIHYDRATEE (ATROVASTATINE)	tablet	10MG/10MG
539	06 M 298	EZETIMIBE	tablet	10MG
540	06 M 328	ROSUVASTATINE CALCIQUE EXPRIME EN ROSUVASTATINE	tablet	40MG
541	06 M 353	ROSUVASTATINE CALCIUM/EZETIMIB	tablet	10MG/10MG
542	06 M 354	ROSUVASTATIN CALCIUM/EZETIMIB	tablet	20MG/10MG
543	06 N 305	BOSENTAN MONOHYDRATE EXPRIME EN BOSENTAN	tablet	62,5MG
544	06 N 306	BOSENTAN MONOHYDRATE EXPRIME EN BOSENTAN	tablet	125MG
545	06 N 314	ILOPROST TROMETANOL EXPRIME EN ILOPROST	other	10 UG/ML
546	06 N 347	RIOCIGUAT	injection	0,5MG
547	06 N 348	RIOCIGUAT	injection	1MG
548	06 N 349	RIOCIGUAT	injection	1,5MG
549	06 N 350	RIOCIGUAT	injection	2MG
550	06 N 351	RIOCIGUAT	injection	2,5MG
551	06 O 346	EVOLOCUMAB	injection	140MG/ML
552	06 S 073	PROPRANOLOL CHLORHYDRATE	tablet	40 MG
553	07 A 001	ASIATICOSIDE(TRITERPENES DE CENTELLA ASIATICA)	other	0,02
554	07 A 002	HYDROCOTYLE (EXTRAIT SEC RECONSTITUE TITRE A 40% D'ASIATICOSIDE ET 60% D'ACIDES MADECASSIQUE ET ASIATIQUE)	cream	0.01
555	07 A 006	OXYDE DE ZINC/HUILE DE FOIE DE POISSON	cream	27G/20G/100G
556	07 A 130	OXYDE DE ZINC	cream	0,46
557	07 A 185	DEXPANTHENOL	cream	0,05
558	07 A 188	OXYDE DE ZINC	cream	0,1
559	07 B 013	PEROXYDE DE BENZOYLE	cream	0,05
560	07 B 014	PEROXYDE DE BENZOYLE	cream	0,1
561	07 B 091	MINOXIDIL	other	0,05
562	07 B 109	ADAPALENE	cream	30G
563	07 B 113	PEROXYDE DE BENZOYLE	cream	0,025
564	07 B 146	MINOXIDIL	cream	0,02
565	07 B 147	CLINDAMYCINE PHOSPHATE EXPRIME EN CLINDAMYCINE	other	1% (10MG/ML)
566	07 B 157	ADAPALENE	cream	0,001
567	07 B 159	CLINDAMYCINE PHOSPHATE EXPRIME EN CLINDAMYCINE	cream	1% (10MG/ML)
568	07 C 015	CHLORTETRACYCLINE	cream	0,03
569	07 C 016	FUSIDATE DE SODIUM	cream	0,02
570	07 C 017	ACIDE FUSIDIQUE	cream	0,02
571	07 C 018	METRONIDAZOLE	cream	0,0075
572	07 C 020	NYSTATINE/TRIAMCINOLONE/NEOMYCINE	cream	10MUI/0,1G/0,25G
573	07 C 104	MUPIROCINE	cream	2% (2G/100G)
574	07 C 182	NADIFLOXACINE	cream	0,01
575	07 C 193	MINOCYCLINE HYDROCHLORIDE DIHYDRATE	tablet	65MG
576	07 C 194	MINOCYCLINE HYDROCHLORIDE DIHYDRATE	tablet	80MG
577	07 C 195	MINOCYCLINE HYDROCHLORIDE DIHYDRATE	tablet	105MG
578	07 D 024	CLOTRIMAZOLE	cream	0,01
579	07 D 025	ECONAZOLE NITRATE	cream	0,01
580	07 D 026	ECONAZOLE NITRATE	other	0,01
581	07 D 027	ECONAZOLE NITRATE	other	0,01
582	07 D 028	KETOCONAZOLE	cream	0,02
583	07 D 029	KETOCONAZOLE	cream	0,02
584	07 D 032	NYSTATINE	cream	100 000 UI/G
585	07 D 092	KETOCONAZOLE	syrup	0,02
586	07 D 094	CHLORHYDRATE DE TERBINAFINE	cream	0.01
587	07 D 108	SERTACONAZOLE NITRATE	cream	0.02
588	07 D 110	AMOROLFINE HYDROCHLORIDE	other	0,05
589	07 D 141	KETOCONAZOLE	other	0,02
590	07 D 148	CICLOPIROX OLAMINE	cream	0.01
591	07 D 149	CICLOPIROX OLAMINE	cream	0.01
592	07 D 151	CICLOPIROX	other	0.08
593	07 D 156	TERBINAFINE CHLORHYDRATE	other	0,01
594	07 E 033	ACICLOVIR	cream	0,05
595	07 F 130	GANCICLOVIR	cream	0,15%.
596	07 G 036	CROTAMITON	cream	0.1
597	07 H 038	BETAMETHASONE	cream	0,001
598	07 H 039	BETAMETHASONE DIPROPIONATE EXPRIMEE EN BETAMETHASONE	cream	0.05%
599	07 H 040	BETAMETHASONE	cream	0,0005
600	07 H 041	BETHAMETHASONE/ACIDE SALICYLIQUE	cream	0,05G%/3G%
601	07 H 042	DESONIDE	cream	0.1% (0.1G/100G)
602	07 H 043	DEXAMETHASONE	cream	0,050G/100G (OU 0,05%)
603	07 H 117	HYDROCORTISONE ACEPONATE	cream	0,00127
604	07 H 118	HYDROCORTISONE ACEPONATE	cream	0,00127
605	07 H 126	HYDROCORTISONE SOUS FORME DE HYDROCORTISONE 17-BUTYRATE	cream	0,001
606	07 H 127	HYDROCORTISONE (SOUS FORME D'HYDROCORTISONE 17-BUTYRATE)**	cream	0,001
607	07 H 128	HYDROCORTISONE (SOUS FORME D'HYDROCORTISONE 17-BUTYRATE)**	cream	0,001
608	07 H 129	HYDROCORTISONE (SOUS FORME D'HYDROCORTISONE 17-BUTYRATE)**	cream	0.001
609	07 H 160	MOMETASONE (SOUS FORME DE FUROATE)**	cream	0,001
610	07 H 162	MOMETASONE FUROATE MONOHYDRATE/ACIDE SALICYLIQUE	cream	0,1%/5%
611	07 H 165	BETAMETHASONE DIPROPIONATE	cream	0,001
612	07 H 169	BETAMETHASONE VALERATE EXPRIME EN BETAMETHASONE / ACIDE FUSIDIQUE	cream	(0,1G/100G)/(2G/100G)
613	07 H 174	CLOBETASOL PROPIONATE	cream	0,0005
614	07 H 176	CLOBETASOL PROPIONATE	cream	0,0005
615	07 H 183	PREDNICARBATE	cream	0,0025
616	07 L 056	ACITRETINE	tablet	25MG
617	07 L 057	ACITRETINE	tablet	10MG
618	07 L 058	ISOTRETINOINE	tablet	10MG
619	07 L 059	ISOTRETINOINE	tablet	20MG
620	07 L 099	CALCIPOTRIOL MONOHYDRATE EXPRIME EN CALCIPOTRIOL ANHYDRE	cream	50 UG/G
621	07 L 144	ISOTRETINOINE	tablet	5MG
623	07 P 076	POLYVIDONE IODEE	cream	0.04
624	07 P 077	POLYVIDONE IODEE	cream	10% (10G/100ML)
625	07 P 079	SULFADIAZINE ARGENTIQUE	cream	0,01
626	07 P 137	FACTEUR DE CROISSANCE EPIDERMIQUE(FCE HUM-REC)/SULFADIAZINE ARGENTIQUE	cream	0,001G/1G
627	07 P 153	CHLORHEXIDINE DIGLUCONATE/BENZALKONIUM CHLORURE	cream	0,2G/0,5G/100ML
628	07 P 164	IODE BISUBLIME/ALCOOL ETHYLIQUE	cream	0,01
629	07 P 181	TROLAMINE	cream	0.670G/100
630	07 P 186	MAFENIDE	cream	0,085
631	07 R 080	BENZOATE DE BENZYLE	other	10G/100G
632	07 R 179	BENZOATE DE BENZYLE	cream	25G/100G
633	07 S 152	CALCIPOTRIOL SOUS FORME DE CALCIPOTRIOL HYDRATE/BETAMETHASONE SOUS FORME DE DIPROOIONATE DE BETAMETHASONE	cream	50µG/0,5MG/G
634	07 S 189	CALCIPOTRIOL/BETAMETHASONE	cream	50µG/0,5MG/G
635	07 U 184	PROPANOLOL CHLORHYDRATE EXPRIME EN PROPANOLOL	syrup	3,75 MG/ML
636	07 V 187	APREMILAST	tablet	10MG
637	07 V 188	APREMILAST	tablet	30MG
638	08 A 002	ACIDE GADOTERIQUE	injection	0.5MMOLE/ML
639	08 A 069	GADOBUTROL	injection	604,72MG/ML (SOIT 157,25MG/ML EN GADOLINIUM)
640	08 C 008	AMIDOTRIZOATE DE SODIUM/AMIDOTRIZOATE DE MEGLUMINE	other	I =370MG/ML (10G/66G/100ML)
641	08 C 017	IOHEXOL	injection	I =300MG/ML (647MG/ML)
642	08 C 018	IOHEXOL	injection	I =350MG/ML
643	08 C 020	IOPAMIDOL	injection	I =300MG/ML
644	08 C 021	IOPAMIDOL EN IODE ELEMENT	injection	I =370MG/ML
645	08 C 047	IOXITALAMATE DE MEGLUMINE	injection	660,3MG/ML (I=300MG/ML)
646	08 C 055	IOPROMIDE	other	623,4MG/ML (TENEUR EN IODE 300MG/ML)
647	08 C 056	IOPROMIDE	injection	768,86MG/ML (TENEUR EN IODE 370MG/ML)
648	08 C 061	IOBITRIDOL	injection	300MG/ML
649	08 C 062	IOBITRIDOL	injection	350MG/ML
650	08 C 064	IOXITALAMATE DE MEGLUMINE /IOXITALAMATE DE SODIUM	injection	650,9MG/96,6MG/ML (I=350MG/ML)
651	08 C 070	IODIXANOL	other	270mg I/ml
652	08 C 071	IODIXANOL	other	320mg I/ml
653	08 F 034	DIPYRIDAMOLE	injection	10MG/2ML
654	09 A 120	LETROZOLE	tablet	2,5MG
655	09 A 137	BICALUTAMIDE	tablet	50MG
656	09 A 142	EXEMESTANE	tablet	25MG
657	09 B 075	TAMOXIFENE	tablet	20MG
658	09 B 139	ANASTROZOLE	tablet	1MG
659	09 C 005	DANAZOL	tablet	200MG
660	09 D 006	BROMOCRIPTINE	tablet	2,5MG
661	09 D 168	CABERGOLINE	tablet	0,5MG
662	09 E 007	CARBIMAZOLE	tablet	5MG
663	09 E 112	BENZYLTHIOURACILE	tablet	25MG
664	09 F 082	NANDROLONE DECANOATE	injection	50MG/ML
665	09 G 014	VALERATE D'ESTRADIOL	tablet	2MG
666	09 G 085	ESTRIOL	tablet	1 MG
667	09 H 017	BETAMETHASONE DIPROPIONATE EXPRIME EN BETAMETASONE/BETAMETHASONE PHOSPHATE EXPRIME EN BETAMETHASONE	injection	5MG/2MG/ML
668	09 H 018	BETAMETHASONE (ACETATE)/BETAMETHASONE (PHOSPHATE DISODIQUE)	injection	2,7MG/3MG/ML
669	09 H 020	BETAMETHASONE	syrup	0,5MG/ML (0,05%)
670	09 H 021	PHOSPHATE DE DEXAMETHASONE	injection	4MG/ML
671	09 H 023	DEXAMETHASONE	tablet	0,5MG
672	09 H 026	HYDROCORTISONE	injection	100 MG
673	09 H 028	HYDROCORTISONE	tablet	10MG
674	09 H 029	METHYLPREDNISOLONE SUCCINATE SODIQUE EXPRIME EN METHYLPREDNISOLONE	injection	20MG
675	09 H 030	METHYLPREDNISOLONE SUCCINATE SODIQUE EXPRIME EN METHYLPREDNISOLONE	injection	40 MG
676	09 H 031	METHYLPREDNISOLONE (SOUS FORME DE SUCCINATE SODIQUE)	injection	120MG/FL. DE PDRE.**
677	09 H 033	METHYLPREDNISOLONE	tablet	4MG
678	09 H 034	PREDNISOLONE METASULFOBENZOATE SODIQUE EXPRIME EN PREDNISOLONE	tablet	5MG
679	09 H 035	PREDNISOLONE METASULFOBENZOATE SODIQUE EXPRIME EN PREDNISOLONE	tablet	20MG
680	09 H 038	PREDNISONE	tablet	5MG
681	09 H 090	METHYLPREDNISOLONE ACETATE	injection	40MG/ML
682	09 H 091	TRIAMCINOLONE ACETONIDE	injection	40MG/ML
683	09 H 092	METHYLPREDNISOLONE	tablet	16MG
684	09 H 133	BETAMETHASONE	tablet	2MG
685	09 H 135	METHYLPREDNISOLONE HEMISUCCINATE EXPRIME EN METHYLPREDNISOLONE	injection	1G/FL. DE PDRE.
686	09 H 143	PREDNISOLONE SOUS FORME METASULFOBENZOATE SODIQUE	tablet	5MG
687	09 H 144	PREDNISOLONE SOUS FORME METASULFOBENZOATE SODIQUE	tablet	20MG
688	09 H 162	PREDNISONE	tablet	20MG
689	09 H 163	PREDNISOLONE	tablet	30MG
690	09 H 174	PREDNISOLONE METASULFOBENZOATE SODIQUE EXPRIME EN PREDNISOLONE	syrup	1MG/ML
691	09 H 178	PREDNISOLONE	syrup	15MG/5ML
692	09 J 046	MENOTROPINE OU HORMONE GONADOTROPHINE POST MENOPAUSIQUE HUMAINE HMG EXPRIME EN HORMONE FOLLICULOSTIMULANTE FSH/HORMONE LUTEINISANTE LH	other	75UI FSH/75UI LH
693	09 J 052	TRIPTORELINE	other	0,1MG/ML
694	09 J 053	TRIPTORELINE ACETATE EXPRIME EN TRIPTORELINE	injection	3,75MG/FLACON DE POUDRE
695	09 J 095	GOSERELINE ACETATE EXPRIME EN GOSERELINE	injection	3,6MG
696	09 J 129	FOLLITROPINE ALFA (HORMONE FOLLICULOSTIMULATE HUMAINE RECOMBINANTE (FSH RECOMBINANTE))	other	75UI/ML (5,5μG/ML)
697	09 J 138	GOSERELINE ACETATE EXPRIME EN GOSERELINE	injection	10,8MG
698	09 J 141	SOMATROPINE	other	8MG/1,37ML
699	09 J 147	SOMATROPINE	injection	5MG/1,5ML
700	09 J 148	CETRORELIX ACETATE EXPRIME EN CETRORELIX	other	0,25MG/FL. DE PDRE
701	09 J 154	FOLLITROPINE ALFA (HORMONE FOLLICULOSTIMULATE HUMAINE RECOMBINANTE (FSH RECOMBINANTE)	other	900UI/1,5ML (66µG/1,5ML)
702	09 J 170	DESMOPRESSINE	syrup	60µG/LYOPH.
703	09 J 175	FOLLITROPINE BETA (HORMONE FOLLICULO-STIMULANTE- (FSH) RECOMBINANTE)	injection	300UI/0,36ML
704	09 J 176	FOLLITROPINE BETA (HORMONE FOLLICULO-STIMULANTE- (FSH) RECOMBINANTE)	injection	600UI/0,72ML
705	09 J 179	FOLLITROPINE ALFA/LUTROPINE ALFA	injection	15UI/75UI
706	09 J 180	SOMATROPINE	injection	5,3MG
707	09 J 181	SOMATROPINE	other	12MG
708	09 K 056	LEVOTHYROXINE SODIQUE	tablet	50µG
709	09 K 057	LEVOTHYROXINE SODIQUE	tablet	100µG
710	09 K 150	LEVOTHYROXINE SODIQUE	tablet	25µG
711	09 K 151	LEVOTHYROXINE SODIQUE	tablet	75µG
712	09 K 182	LEVOTHYROXINE SODIQUE	tablet	125µG
713	09 K 183	LEVOTHYROXINE SODIQUE	tablet	150µG
714	09 K 184	LEVOTHYROXINE SODIQUE	tablet	175µG
715	09 K 185	LEVOTHYROXINE SODIQUE	tablet	200µG
716	09 L 058	CLOMIFENE CITRATE	tablet	50MG
717	09 N 060	DYDROGESTERONE	tablet	10MG
718	09 N 063	LYNESTRENOL	tablet	5MG
719	09 N 066	ACETATE DE NOMEGESTROL	tablet	5MG
720	09 N 067	PROGESTERONE	cream	1G%
721	09 N 109	PROGESTERONE	tablet	100MG
722	09 N 155	PROGESTERONE MICRONISEE	tablet	200MG
723	09 N 186	PROGESTERONE	cream	400MG
724	09 P 109	OCTREOTIDE ACETATE	injection	0,1MG/ML
725	09 P 110	OCTREOTIDE ACETATE	injection	0,5MG/ML
726	09 R 156	LANREOTIDE	injection	60MG/0,5ML
727	09 R 157	LANREOTIDE ACETATE EXPRIME EN LANREOTIDE	injection	90MG/0,5ML
728	09 R 158	LANREOTIDE ACETATE EXPRIME EN LANREOTIDE	injection	120MG/0,5ML
729	09 S 171	CINACALCET HYDROCHLORIDE	tablet	30MG
730	09 S 172	CINACALCET HYDROCHLORIDE	tablet	60MG
731	09 S 173	CINACALCET HYDROCHLORIDE	tablet	90MG
732	10 A 001	OMEPRAZOLE	tablet	20MG
733	10 A 087	OMEPRAZOLE SODIQUE EXPRIME EN OMEPRAZOLE	injection	40MG/FL. DE PDRE.
734	10 A 113	OMEPRAZOLE	tablet	10MG
735	10 A 167	LANSOPRAZOLE	tablet	30MG
736	10 A 168	FAMOTIDINE	tablet	40MG
737	10 A 174	FAMOTIDINE	tablet	20MG
738	10 A 180	ESOMEPRAZOLE MAGNESIUM TRIHYDRATE EXPRIME EN ESOMEPRAZOLE	tablet	20MG
739	10 A 181	ESOMEPRAZOLE MAGNESIUM TRIHYDRATE EXPRIME EN ESOMEPRAZOLE	tablet	40MG
740	10 A 188	LANSOPRAZOLE	tablet	15MG
741	10 A 197	ESOMEPRAZOLE SODIQUE EXPRIME EN ESOMEPRAZOLE	injection	40MG/FL. DE PDRE.
742	10 A 212	PANTOPRAZOLE SOUS FORME SODIQUE SEQUIHYDRATEE	tablet	20MG
743	10 A 213	OMEPRAZOLE	cream	40MG
744	10 A 214	DEXLASOPRAZOLE	tablet	30MG
745	10 A 215	DEXLASOPRAZOLE	tablet	60MG
746	10 A 217	SOUS-CITRATE DE BISMUTH/METRONIDAZOLE/TETRACYCLINE CHLORHYDRATE	tablet	140MG/125MG/125MG
747	10 A 219	ESOMEPRAZOLE	tablet	40MG
748	10 A 222	ESOMEPRAZOLE	tablet	20MG
749	10 A 224	BISMUTH SUBSALICYLATE	tablet	262MG
750	10 B 009	CHARBON VEGETAL	tablet	400MG
751	10 B 010	HYDROXYDE D'ALUMINIUM/HYDROXYDE DE MAGNESIUM	syrup	3,50G/4,00G/100ML
752	10 B 014	PHOSPHATE D ALLUMINIUM	syrup	0,2
753	10 B 015	DIOSMECTITE	syrup	3G/SACHET
754	10 B 088	MONTMORILLONITE BEIDELLITIQUE	syrup	3G
755	10 B 105	HYDROXYDE D'ALUMINIUM/HYDROXYDE DE MAGNESIUM	syrup	525MG/600MG/SACHET
756	10 B 119	PHLOROGLUCINOL DIHYDRATE/SIMETICONE	tablet	80MG/125MG
757	10 B 125	DIMETICONE/GAIAZULENE	syrup	3G/0,004G/SACHET
758	10 B 166	CALCIUM CARBONATE/MAGNESIUM CARBONATE LOURD	tablet	680MG/80MG
759	10 B 182	CALCIUM CARBONATE/CARBONATE DE MAGNESIUM LOURD/DIMETICONE (DCI) ACTIVE	tablet	680MG/80MG/25MG
760	10 B 194	SIMETICONE	tablet	80MG
761	10 B 220	HYDROXYDE D'ALUMINIUM/HYDROXYDE DE MAGNESIUM	syrup	460MG/400MG
762	10 C 017	NIFUROXAZIDE	tablet	200MG
763	10 D 032	TIEMONIUM METHYLSULFATE	syrup	10MG/5ML
764	10 E 035	MEBEVERINE CHLORHYDRATE	tablet	100MG
765	10 E 036	PINAVERIUM BROMURE	tablet	50MG
766	10 E 038	PHLOROGLUCINOL DIHYDRATE/TRIMETHYLPHLOROGLUCINOL	injection	10MG/0,01MG/1ML (40MG/0,04MG/4ML)
767	10 E 104	PINAVERIUM BROMURE	tablet	100MG
768	10 E 108	PHLOROGLUCINOL DIHYDRATE	tablet	80MG
769	10 E 116	MEBEVERINE CHLORHYDRATE	tablet	200MG
770	10 E 128	ALVERINE/SIMETICONE	tablet	60MG/300MG
771	10 E 198	PHLOROGLUCINOL DIHYDRATE	injection	40MG/4ML
772	10 E 207	PHLOROGLUCINOL DIHYDRATE	tablet	160MG
773	10 F 042	METOCLOPRAMIDE CHLORHYDRATE MONOHYDRATE (CHLORHYDRATE DE METOCLOPRAMIDE)	injection	10MG/2ML
774	10 F 043	METOCLOPRAMIDE	tablet	10MG
775	10 F 044	METOCLOPRAMIDE CHLORHYDRATE MONOHYDRATE EXPRIME EN CHLORHYDRATE DE METOCLOPRAMIDE	syrup	0,1% (0,1G/100ML)
776	10 F 046	DOMPERIDONE	tablet	10MG
777	10 F 047	DOMPERIDONE	syrup	1MG/ML
778	10 F 048	CHLORHYDRATE D'ONDANSETRON DIHYDRATE (ONDANSETRON)	injection	2MG/ML (OU 4MG/2ML ET 8MG/4ML)
779	10 F 051	TRIMEBUTINE MALEATE	tablet	100MG
780	10 F 052	TRIMEBUTINE MALEATE	tablet	0,787G/100G (4,8MG/ML)
781	10 F 091	GRANISETRON CHLORHYDRATE	injection	1MG/ML
782	10 F 093	ONDANSETRON CHLORHYDRATE DIHYDRATE EXPRIME EN ONDANSETRON	tablet	4MG
783	10 F 094	ONDANSETRON CHLORHYDRATE DIHYDRATE EXPRIME EN ONDANSETRON	tablet	8MG
784	10 F 095	TRIMEBUTINE MALEATE	cream	100MG
785	10 F 147	METOPIMAZINE	tablet	7,5MG
786	10 F 148	METOPIMAZINE	cream	5MG
787	10 F 150	TRIMEBUTINE MALEATE	tablet	74,4MG/SACHET- DOSE
788	10 F 152	METOCLOPRAMIDE	cream	10MG
789	10 F 187	ONDANSETRON CHLORHYDRATE DIHYDRATE EXPRIME EN ONDANSETRON	syrup	4MG/5ML
790	10 F 193	TRIMEBUTINE MALEATE	tablet	200MG
791	10 F 205	ONDANSETRON	cream	16 MG
792	10 F 209	DIMENHYDRINATE	cream	2.5 MG
793	10 F 210	DIMENHYDRINATE	injection	50 MG
794	10 G 054	ALGINATE DE SODIUM/BICARBONATE DE SODIUM	syrup	50MG/26,7MG/ML
795	10 G 206	ALGINATE DE SODIUM/BICARBONATE DE SODIUM/CARBONATE DE CALCIUM	tablet	500 MG/267 MG/160 MG
796	10 H 056	LOPERAMIDE CHLORHYDRATE	tablet	2MG
797	10 H 132	SACCHAROMYCES BOULARDII	tablet	200MG
798	10 H 133	SACCHAROMYCES BOULARDII	syrup	100MG
799	10 H 144	LOPERAMIDE CHLORHYDRATE	syrup	0,2MG/ML
800	10 H 177	RACECADOTRIL	syrup	10MG
801	10 H 178	RACECADOTRIL	syrup	30MG
802	10 H 214	DIOSMECTITE	syrup	3G/SACHET
803	10 H 221	LOPERAMIDE CHLORHYDRATE/SIMETICONE	tablet	2MG/125MG
804	10 K 060	PANCREATINE	cream	150MG
805	10 K 224	PANCREATINE	tablet	300MG
806	10 L 062	LACTULOSE	syrup	10G/15ML( 66,66%)
807	10 L 086	POLYETHYLENE GLYCOL 4000/SULFATE DE SODIUM ANHYDRE/BICARBONATE DE SODIUM/CHLORURE DE SODIUM/CHLORURE DE POTASSIUM	syrup	64G/5,7G/1,68G/1,46G/0,75G/SACHET
808	10 L 097	LACTULOSE	syrup	10G/15ML
809	10 L 098	MACROGOL 4000 (OU PEG=POLYETHYLENE GLYCOL 4000)	syrup	10G
810	10 L 138	CHARBON VEGETAL/EXTRAIT DE RHUBARBE/FEUILLES DE SENE/SOUFRE PURIFIE	tablet	180MG/25MG/105MG/50 MG
811	10 L 153	BISACODYLE	cream	10 MG
812	10 L 162	BISACODYL	tablet	5MG
813	10 L 185	BISACODYL	cream	5 MG
814	10 L 189	MACROGOL 4000 (OU PEG=POLYETHYLENE GLYCOL 4000)	syrup	4G
815	10 L 191	PICOSULFATE DE SODIUM	syrup	0,75G/100ML
816	10 L 203	PICOSULFATE DE SODIUM/OXYDE DE MAGNESIUM LEGER/ACIDE CITRIQUE	syrup	10MG/3,5G/12G/SACHET
817	10 L 208	PHOSPHATE MONOSODIQUE MONOHYDRATE/PHOSPHATE DISODIQUE ANHYDRE	tablet	1102 MG/398 MG
818	10 M 063	DOCUSATE SODIQUE	cream	0,12G/10G
819	10 M 066	HUILE DE PARAFFINE LIQUIDE	syrup	88,70G/100ML
820	10 M 069	GLYCEROL	cream	1,20G
821	10 M 070	GLYCEROL	cream	1,98G
822	10 M 124	GLYCEROL	cream	0,72G
823	10 M 199	GLYCEROL	cream	0,642G
824	10 M 200	GLYCEROL	cream	1,23G
825	10 M 201	GLYCEROL	cream	2,04G
826	10 N 075	MESALAZINE	tablet	500MG
827	10 N 076	MESALAZINE	cream	500MG
828	10 N 077	MESALAZINE	other	1G/100ML
829	10 N 131	MESALAZINE	cream	1G
830	10 N 176	MESALAZINE	tablet	1G
831	10 N 202	MESALAZINE	tablet	500MG/SACHET
832	10 N 218	MESALAZINE	tablet	2G
833	10 P 122	CARRAGHENATES/DIOXYDE DE TITANE/OXYDE DE ZINC/LIDOCAINE	cream	2,5G/2G/2G/2G/100G
834	10 P 123	CARRAGHENATES/DIOXYDE DE TITANE/OXYDE DE ZINC	cream	0,3G/0,2G/0,4G
835	10 R 101	ACIDE URSODESOXYCHOLIQUE	tablet	200MG
836	10 R 211	ACIDE URSODESOXYCHOLIQUE	tablet	250MG
837	10 S 160	UREE 13C	syrup	75MG D'UREE +1.4G D'ACIDE CITRIQUE ANHYDRE
838	10 U 130	CITRATE DE BETAINE	syrup	2G/5ML
839	10 V 001	TRIBENOSIDE/LIDOCAINE	cream	400MG/40MG
840	10 W 216	RISANKIZUMAB	injection	150 MG/ 1ML
841	10 W 223	VEDOLIZUMAB	injection	300MG
842	11 A 001	ECONAZOLE NITRATE	cream	150MG
843	11 A 002	METRONIDAZOLE	cream	500MG
844	11 A 003	SULFATE DE NEOMYCINE/SULFATE DE POLYMYXINE B/NYSTATINE	tablet	35 000UI/35 000UI/100 000UI
845	11 A 005	PROMESTRIENE	tablet	10MG
846	11 A 046	ESTRIOL	cream	0,5MG
847	11 A 067	METRONIDAZOLE/NEOMYCINE SULFATE/NYSTATINE	tablet	500MG/65000UI/100000UI
848	11 A 081	CLOTRIMAZOLE	cream	0,02
849	11 A 084	ORNIDAZOLE	tablet	500MG
850	11 A 085	SERTACONAZOLE NITRATE	cream	300MG
851	11 A 090	METRONIDAZOLE/MICONAZOLE NITRATE	cream	750MG/200MG
852	11 A 091	METRONIDAZOLE/MICONAZOLE/LIDOCAINE	cream	750MG/200MG/100MG/OVULE
853	11 A 093	NEOMYCINE SULFATE / POLYMYXINE SULFATE / NYSTATINE	tablet	35000UI / 35000UI / 100000UI
854	11 A 096	POLICRESULEN	cream	90MG
855	11 A 098	METRONIDAZOLE/NEOMYCINE SULFATE/NYSTATINE	cream	500MG/65000UI/100000UI
856	11 A 511	NITRATE DE FENTICONAZOLE	cream	600MG
857	11 B 087	ATOSIBAN ACETATE EXPRIME EN ATOSIBAN	injection	7,5MG/ML (6.75MG/0.9ML)
858	11 B 088	ATOSIBAN ACETATE EXPRIME EN ATOSIBAN	injection	7,5MG/ML (37,5MG/5ML)
859	11 C 095	DINOPROSTONE	cream	10MG
860	11 D 065	ESTRADIOL/DYDROGESTERONE	tablet	1MG/10MG
861	11 E 014	CARBETOCINE	injection	100ùG/ML
862	11 E 019	OXYTOCINE	injection	5UI/ML
863	11 E 089	OXYTOCINE	injection	5UI/0,5ML
864	11 E 095	ULIPRISTAL	tablet	30MG
865	11 H 026	DESOGESTREL / ETHINYLESTRADIOL	tablet	0.15MG/0.03MG
866	11 H 027	LEVONORGESTREL	tablet	0,03MG
867	11 H 040	LEVONORGESTREL/ETHINYLESTRADIOL	tablet	0,15MG/0,03MG
868	11 H 049	DESOGESTREL/ETHINYLESTRADIOL	tablet	0,15MG/0,02MG
869	11 H 062	ETHINYLESTRADIOL/GESTODENE	tablet	20µG/75µG
870	11 H 072	DESOGESTREL	tablet	0,075MG
871	11 H 074	ETONOGESTREL	injection	68MG/IMPLANT
872	11 H 078	DROSPIRONE/ETHINYLES TRADIOL	tablet	3MG/0,03MG
873	11 J 077	LEVONORGESTREL	other	52MG/DISPOSITIF
874	11 K 097	POLYVIDONE IODEE	cream	0.1
875	11 P 086	DIENOGEST	tablet	2MG
876	12 A 001	ACENOCOUMAROL	tablet	4MG
877	12 A 131	ACIDE ACETYLSALICYLIQUE	tablet	100MG
878	12 A 143	ACIDE ACETYLSALICYLIQUE	syrup	75 MG
879	12 A 144	ACIDE ACETYLSALICYLIQUE	syrup	160 MG
880	12 A 166	TICAGRELOR	tablet	90MG
881	12 A 193	APIXABAN	tablet	2,5MG
882	12 A 200	APIXABAN	tablet	5 MG
883	12 B 007	HEPARINE SODIQUE	other	25000 UI/5 ML
884	12 B 078	TINZAPARINE SODIQUE	injection	10 000UI ANTI-XA/0,5ML
885	12 B 079	TINZAPARINE SODIQUE	injection	14 000UI ANTI-XA/0,7ML
886	12 B 080	TINZAPARINE SODIQUE	injection	18 000UI ANTI-XA/0,9ML
887	12 B 081	ENOXAPARINE SODIQUE	injection	2000 UI/0,2ML
888	12 B 082	ENOXAPARINE SODIQUE	injection	4000 UI/0,4ML
889	12 B 083	ENOXAPARINE SODIQUE	injection	6000 UI/0,6ML
890	12 B 084	ENOXAPARINE SODIQUE	injection	8000UI/0,8ML
891	12 B 097	TINZAPARINE SODIQUE	injection	2500UI ANTI XA/0,25ML
892	12 B 098	TINZAPARINE SODIQUE	injection	3500UI ANTI-XA/0,35ML
893	12 B 099	TINZAPARINE SODIQUE (HBPM)	injection	4 500UI ANTI-XA/0.45ML
894	12 B 163	DALTEPARINE SODIQUE	injection	2 500UI ANTI-XA/0,2ML
895	12 B 164	DALTEPARINE SODIQUE	injection	5 000UI ANTI-XA/0,2ML
896	12 B 165	DALTEPARINE SODIQUE	injection	7 500 UI ANTI-XA/0,75ml
897	12 B 169	DALTEPARINE SODIQUE	injection	10 000UI ANTI-XA/1ML
898	12 C 221	ACIDE TRANEXAMIQUE	injection	500MG
899	12 D 015	PHYTOMENADIONE	injection	10 MG/ML
900	12 E 020	ACIDE FOLIQUE	tablet	5MG
901	12 E 021	CYANOCOBALAMINE	injection	1000µG/ML
902	12 E 025	FEREDETATE DE SODIUM	syrup	4,75 G/100ML
903	12 E 060	EPOETINE ALPHA	injection	4000UI/2ML
904	12 E 061	EPOETINE ALFA (OU ERYTHROPOÏETINE HUMAINE RECOMBINANTE)	injection	2 000UI/0,5ML
905	12 E 062	EPOETINE ALFA (OU ERYTHROPOÏETINE HUMAINE RECOMBINANTE)	injection	4 000UI/0,4ML
906	12 E 063	EPOETINE ALPHA (OU ERYTHROPOÏETINE HUMAINE RECOMBINANTE)	injection	10 000UI/ML
907	12 E 077	HYDROXYDE FERRIQUE POLYMALTOSE EXPRIME EN FER FERRIQUE	injection	50MG/ML ** (OU 100MG/2ML) DE FER FERRIQUE
908	12 E 078	SULFATE FERREUX DESSECHE EXPRIME EN FER FERREUX/ ACIDE FOLIQUE	tablet	50MG/0,35MG
909	12 E 106	HYDROXYDE FERRIQUE POLYMALTOSE EXPRIME EN FER FERRIQUE	syrup	20MG/ML (100MG/5ML)
910	12 E 108	COMPLEXE DE FER II GLYCINE SULFATE/EQUIVALENT EN FER²+/ACIDE FOLIQUE	tablet	454,13MG/80MG/1MG
911	12 E 109	HYDROXYDE FERRIQUE POLYMALTOSE EXPRIME EN FER FERRIQUE	syrup	10MG/ML (50MG/5ML)
912	12 E 112	EPOETINE ALPHA** (ERYTHROPOIETINE HUMAINE RECOMBINANTE)	injection	2000UI/ML (SOIT 16,8µG//FL DE 1ML)
913	12 E 123	EPOETINE ALPHA	injection	2000UI/2ML
914	12 E 125	SULFATE FERREUX/ACIDE FOLIQUE	tablet	49,297MG/0,5 MG
915	12 E 128	FER SOUS FORME DE SULFATE FERREUX	tablet	80MG
916	12 E 130	EPOETINE ALFA OU ERYTHROPOIETINE HUMAINE RECOMBINANTE	injection	40 000 UI/ML
917	12 E 133	HYDROXYDE FERRIQUE POLYMALTOSE EXPRIME EN FER FERRIQUE/ACIDE FOLIQUE	tablet	100MG/0,35MG
918	12 E 134	COMPLEXE HYDROXYDE FERRIQUE POLYMALTOSE	syrup	50MG/ML
919	12 E 135	COMPLEXE D'HYDROXIDE FERRIQUE-SACCHAROSE	injection	20MG/ML (100MG/5ML)
920	12 E 137	GLUCONATE FERREUX/GLUCONATE DE MANGANESE/GLUCONATE DE CUIVRE	syrup	50MG/1,33MG/0,70MG
921	12 E 142	CYANOCOBALAMINE	syrup	1000µG/2ML
922	12 E 149	FER FERRIQUE** (SOUS FORME DE COMPLEXE D'HYDROXYDE FERRIQUE POLYMALTOSE)	tablet	100MG
923	12 E 152	COMPLEXE HYDROXYDE FERRIQUE POLYMALTOSE EXPRIME EN FER FERRIQUE	syrup	100MG/5ML
924	12 E 157	EPOETINE ALPHA	injection	1000UI/1ML
925	12 E 158	EPOETINE ALPHA	injection	4000UI/1ML
926	12 E 199	CARBOXYMALTOSE FERRIQUE EXPRIME EN FER	injection	50 MG/ML
927	12 F 116	ALTEPLASE	injection	50MG
928	12 F 129	TENECTEPLASE GENNOVA	injection	1000 U/ML OU 5MG/ML (10 000U/10ML OU 50MG/10ML)
929	12 F 159	RIVAROXABAN	tablet	10MG
930	12 F 167	RIVAROXABAN	tablet	15MG
931	12 F 168	RIVAROXABAN	tablet	20 MG
932	12 F 183	DABIGATRAN ETEXILATE MESYLATE	tablet	75MG
933	12 F 184	DABIGATRAN ETEXILATE MESYLATE	tablet	110MG
934	12 F 185	DABIGATRAN ETEXILATE MESYLATE	tablet	150MG
935	12 F 223	PRASUGREL	tablet	5MG
936	12 F 224	PRASUGREL	tablet	10MG
937	12 G 077	ACIDE ALENDRONIQUE	tablet	10 MG
938	12 G 228	COMPOSANT 1 : FIBRINOGENE HUMAIN (PROTEINE COAGULABLE)/APROTININE SYNTHETIAQUE & COMPOSANT 2 : THROMBINE HUMAINE/CHLORURE DE SODIUM DIHYDRATE	other	45,5MG/ML + 1500KUI/ML & 250UI/ML + 20 µmol/ML
939	12 H 039	ETAMSYLATE	injection	250MG/2ML
940	12 H 040	ETAMSYLATE	tablet	250MG
941	12 H 216	EMICIZUMAB	injection	30MG/ML
942	12 H 217	EMICIZUMAB	injection	150MG/ML
943	12 H 218	FACTEUR VIII / FACTEUR VON WILLBRAND	other	250UI/1600UI
944	12 H 219	FACTEUR VIII / FACTEUR VON WILLBRAND	other	500UI/1200UI
945	12 H 220	FACTEUR VIII / FACTEUR VON WILLBRAND	other	1000UI/2400UI
946	12 H 223	FIBRINOGENE HUMAIN	other	1G
947	12 H 224	EFTRENONACOG ALPHA	other	250UI
948	12 H 225	EFTRENONACOG ALPHA (FACTEURS DE COAGULATION AYANT UNE ACTIVITE COURT-CIRCUITANT L'INHIBITEUR DU FACTEUR VIII)	other	500UI
949	12 H 226	EFTRENONACOG ALPHA	other	1000UI
950	12 H 227	EFTRENONACOG ALPHA	other	2000UI
951	12 H 228	EFTRENONACOG ALPHA	other	3000UI
952	12 J 042	ALBUMINE HUMAINE	other	0.2
953	12 J 044	OCTOCOG ALFA (FACTEUR HUMAIN VIII ANTI HEMOPHILIQUE)	other	500UI
954	12 J 054	OCTOCOG ALFA	injection	250UI
955	12 J 104	FACTEUR IX DE COAGULATION HUMAINE	other	600UI/FL. DE PDRE.
956	12 J 105	GELATINE FLUIDE MODIFIEE OU POLYSUCCINATE DE GELATINE	injection	4% (4G/100ML)
957	12 J 114	EPTACOG ALFA (ACTIVE)	injection	1,2MG
958	12 J 117	EPTACOG ALFA (ACTIVE)	injection	2,4MG
959	12 J 118	EPTACOG ALFA (ACTIVE)	injection	4,8MG
960	12 J 154	OCTOCOG ALFA (FACTEUR VIII DE COAGULATION HUMAIN RECOMBINANT ANTI-HEMOPHILIQUE)	injection	250UI/FL DE PDRE (50UI/ML)
961	12 J 155	OCTOCOG ALFA (FACTEUR VIII DE COAGULATION HUMAIN RECOMBINANT ANTI-HEMOPHILIQUE)	injection	1000UI/FL DE PDRE (50UI/ML)
962	12 J 160	EPTACOG ALFA (ACTIVE)	other	1MG/FL. DE PDRE. (50KUI/FL. DE PDRE.)
963	12 J 161	EPTACOG ALFA (ACTIVE)	other	2MG/FL. DE PDRE. (100KUI/FL. DE PDRE.)
964	12 J 162	EPTACOG ALFA (ACTIVE)	other	5MG/FL. DE PDRE. (250KUI/FL. DE PDRE.)
965	12 J 170	FACTEUR DE COAGULATION IX	injection	50UI/ML
966	12 J 171	IMMUNOGLOBULINE HUMAINE ANTI-D	other	300µG
967	12 J 181	FACTEUR WILLEBRAND HUMAIN	injection	1000 UI/10 ML
968	12 J 182	FIBRINOGENE HUMAIN	injection	1,5G/100ML
969	12 J 186	TUROCTOCOG ALFA ( FACTEUR VIII DE CCOAGULATION HUMAIN ADN R)	other	250 UI
970	12 J 187	TUROCTOCOG ALFA ( FACTEUR VIII DE CCOAGULATION HUMAIN ADN R)	other	500 UI
971	12 J 188	TUROCTOCOG ALFA ( FACTEUR VIII DE CCOAGULATION HUMAIN ADN R)	other	1000 UI
972	12 J 191	COMPLEXE HUMAIN PLASMATIQUE PROTHROMBINIQUE	other	500 UI
973	12 J 195	MOROCTOCOG ALFA ( FACTEUR DE COAGULATION HUMAINE VIII ADNR) PFIZER	injection	250UI/FL
974	12 J 196	MOROCTOCOG ALFA ( FACTEUR DE COAGULATION HUMAINE VIII ADNR) PFIZER	injection	500 UI/FL
975	12 J 202	NONACOG ALPHA	injection	500UI
976	12 J 203	MOROCTOCOG ALPHA	injection	1OOOUI
977	12 J 204	MOROCTOCOG ALPHA	injection	2OOOUI
978	12 J 205	NONACOG ALPHA	injection	1000UI
979	12 J 206	NONACOG ALPHA	injection	2000UI
980	12 J 207	EFMOROCTOCOG	injection	250UI
981	12 J 208	EFMOROCTOCOG	injection	500UI
982	12 J 209	EFMOROCTOCOG	injection	1000UI
983	12 J 210	EFMOROCTOCOG	injection	1500 UI
984	12 J 211	EFMOROCTOCOG	injection	2000 UI
985	12 J 212	EFMOROCTOCOG	injection	3000 UI
986	12 J 213	FACTEUR VIII DE COAGULATION ET FACTEUR DE VON WILLEBRAND	injection	250UI/300UI
987	12 J 214	FACTEUR VIII DE COAGULATION ET FACTEUR DE VON WILLEBRAND	injection	500 UI/600 UI
988	12 J 215	FACTEUR VIII DE COAGULATION ET FACTEUR DE VON WILLEBRAND	injection	1000/1200UI
989	12 K 042	ALBUMINE HUMAINE	injection	20% (20G/100ML)
990	12 L 064	LENOGRASTIME RHU G-CSF	injection	33,6 MUI
991	12 L 145	EPOETINE ALPHA	injection	3000UI/2ML
992	12 L 172	ELTROMBOPAG OLAMINE	tablet	25 MG
993	12 L 173	ELTROMBOPAG OLAMINE	tablet	50 MG
994	12 L 174	DARBEPOETINE ALFA	injection	25µG/ML (10µG/0,4ML)
995	12 L 175	DARBEPOETINE ALFA	injection	40µG/ML (20µG/0,5ML)
996	12 L 176	DARBEPOETIN ALFA	injection	100µG/ML (30µG/0,3ML) (50µG/0,5ML)
997	12 L 177	DARBEPOETIN ALFA	injection	200µG/ML (60µG/0,3ML) (80µG/0,4ML) (100µG/0,5ML)
998	12 L 178	DARBEPOETINE ALFA	injection	500µG/ML (150µG/0,3ML) (300µG/0,6ML) (500µG/1,0ML)
999	12 L 179	ROMIPLOSTIM	other	250µG/FL. DE PDRE.
1000	12 L 180	ROMIPLOSTIM	other	500µG/FL. DE PDRE.
1001	12 L 189	FILGRASTIM	injection	30MUI/0,5ML
1002	12 L 190	FILGRASTIM	injection	48MUI/0,5ML
1003	12 L 197	PEGFILGRASTIM	injection	6 MG
1004	12 L 226	FILGRASTIM	injection	300MEG/ML
1005	12 L 227	FILGRASTIM	injection	480MEG/ML
1006	13 A 003	GENTAMICINE SULFATE	injection	10MG/ML
1007	13 A 004	GENTAMICINE SULFATE EXPRIMEE EN GENTAMICINE	injection	20MG/ML (40MG/2ML)
1008	13 A 005	GENTAMICINE SULFATE EXPRIMEE EN GENTAMICINE	injection	40MG/ML (80MG/2ML)
1009	13 A 454	AMIKACINE SULFATE EXPRIME EN AMIKACINE	injection	125MG/ML (250MG/2ML)
1010	13 A 465	TOBRAMYCINE SULFATE EXPRIME EN TOBRAMYCINE	injection	10MG/ML (25MG/2,5ML)
1011	13 A 466	TOBRAMYCINE SULFATE EXPRIME EN TOBRAMYCINE	injection	50MG/ML (75MG/1,5ML)
1012	13 A 506	GENTAMICINE	injection	160 MG/2 ML
1013	13 A 510	AMIKACINE SOUS FORME DE SULFATE D'AMIKACINE	injection	500MG/2ML
1014	13 B 010	CEFALEXINE MONOHYDRATE EXPRIME EN CEFALEXINE ANHYDRE	tablet	500MG
1015	13 B 011	CEFALEXINE MONOHYDRATEE EXPRIME EN CEFALEXINE	syrup	125MG/5ML
1016	13 B 012	CAFAZOLINE SOUS FORME DE CEFAZOLINE SODIQUE	injection	1G
1017	13 B 013	CEFAZOLINE SODIQUE EXPRIME EN CEFAZOLINE	injection	1G
1018	13 B 014	CEFOTAXIME SODIQUE EXPRIME EN CEFOTAXIME	injection	1G
1019	13 B 019	CEFTRIAXONE SODIQUE EXPRIME EN CEFTRIAXONE	injection	1G/FL
1020	13 B 156	CEFALEXINE MONOHYDRATEE EXPRIME EN CEFALEXINE	syrup	250MG/5ML
1021	13 B 193	CEFRADINE	tablet	500MG
1022	13 B 197	CEFIXIME TRIHYDRATE EXPRIME EN CEFIXIME ANHYDRE	syrup	40MG/5ML
1023	13 B 198	CEFIXIME TRIHYDRATE EXPRIME EN CEFIXIME ANHYDRE	syrup	100MG/5ML
1024	13 B 201	CEFIXIME TRIHYDRATE EXPRIME EN CEFIXIME ANHYDRE	tablet	200MG
1025	13 B 208	CEFUROXIME AXETIL EXPRIME EN CEFUROXIME	tablet	250MG
1026	13 B 212	CEFTAZIDIME PENTAHYDRATE EXPRIME EN CEFTAZIDIME	injection	500MG/FL. DE PDRE. (ENFANT ET NOURRISSON)
1027	13 B 213	CEFTAZIDIME PENTAHYDRATE EXPRIME EN CEFTAZIDIME	injection	1G/FL. DE PDRE.
1028	13 B 223	CEFALEXINE MONOHYDRATEE EXPRIME EN CEFALEXINE	tablet	1G
1029	13 B 224	CEFUROXIME AXETIL EXPRIME EN CEFUROXIME	syrup	125MG/5ML
1030	13 B 259	CEFACLOR	syrup	125MG/5ML
1031	13 B 260	CEFACLOR MONOHYDRATE	tablet	250MG/5ML
1032	13 B 262	CEFACLOR	tablet	500MG
1033	13 B 294	CEFIXIME TRIHYDRATE EXPRIME EN CEFIXIME ANHYDRE	tablet	400MG
1034	13 B 296	CEFUROXIME AXETIL EXPRIME EN CEFUROXIME	tablet	500MG
1035	13 B 298	CEFADROXIL MONOHYDRATE EXPRIME EN CEFADROXIL ANHYDRE	tablet	1G
1036	13 B 318	CEFDINIR	tablet	300MG
1037	13 B 319	CEFDINIR	syrup	125MG/5ML
1038	13 B 320	CEFOPERAZONE SODIQUE EXPRIMEE EN CEFOPERAZONE	injection	1G
1039	13 B 321	CEFOPERAZONE SODIQUE EXPRIME EN CEFOPERAZONE	injection	2G
1040	13 B 333	CEFPODOXIME** (SOUS FORME DE CEFPODOXIME PROXETIL)	tablet	40MG/5ML (OU 8MG/ML)**
1041	13 B 463	CEFTIZOXIME SODIQUE EXPRIME EN CEFTIZOXIME	injection	1G
1042	13 B 473	CEFACLOR MONOHYDRATE EXPRIME EN CAFACLOR	tablet	500MG
1043	13 B 474	CEFACLOR MONOHYDRATE EXPRIME EN CAFACLOR	tablet	750MG
1044	13 B 506	CEFELAXINE MONOHYDRATE	syrup	500MG
1045	13 B 507	CEFELAXINE MONOHYDRATE	syrup	1000MG
1046	13 B 510	CEFACLOR MONOHYDRATE	syrup	500MG
1047	13 B 511	CEFIXIME	syrup	200 MG
1048	13 B 512	CEFIXIME	syrup	400 MG
1049	13 B 513	LINEZOLIDE	tablet	600MG
1050	13 B 514	CEFTAZIDIME / AVIBACTAM	other	2G / 0.5G
1051	13 B 515	CEFTOLOZANE TAZOBACTAM	injection	1000MG/500MG
1052	13 B 527	CEFTAROLINE FOSAMIL	injection	600MG
1053	13 C 020	DOXYCYCLINE	tablet	100 MG
1054	13 C 246	LYMECYCLINE (EXPRIME EN TETRACYCLINE BASE)	tablet	150MG
1055	13 C 444	DOXYCYCLINE MONOHYDRATE EXPRIME EN DOXYCYCLINE	tablet	100MG
1056	13 C 485	TIGECYCLINE	injection	50 MG/FL
1057	13 D 025	CLINDAMYCINE CHLORHYDRATE EXPRIME EN CLINDAMYCINE	tablet	150MG
1058	13 E 028	ERYTHROMYCINE	tablet	200MG/5ML
1059	13 E 030	PRISTINAMYCINE	tablet	500MG
1060	13 E 031	SPIRAMYCINE	tablet	1 500 000UI
1061	13 E 032	SPIRAMYCINE	tablet	3 000 000UI
1062	13 E 154	SPIRAMYCINE	syrup	0.375MUI/5ML
1063	13 E 176	AZITHROMYCINE DIHYDRATE	tablet	250MG
1064	13 E 177	AZITHROMYCINE DIHYDRATEE EXPRIMEE EN AZITHROMYCINE	syrup	200MG/5ML(40MG/ML)
1065	13 E 185	ROXITHROMYCINE	tablet	150MG
1066	13 E 215	CLARITHROMYCINE	tablet	500MG
1067	13 E 244	CLARITHROMYCINE	tablet	250MG
1068	13 E 297	CLARITHROMYCINE	syrup	250MG/5ML
1069	13 E 299	AZITHROMYCINE DIHYDRATEE EXPRIMEE EN AZITHROMYCINE	tablet	500MG
1070	13 E 300	SPIRAMYCINE/METRONIDAZOLE	tablet	750. 000UI/125MG
1071	13 E 307	SPIRAMYCINE/METRONIDAZOLE	tablet	1.5 M.U.I /250 MG
1072	13 E 323	CLARITHROMYCINE	syrup	125MG/5ML
1073	13 F 038	METRONIDAZOLE	injection	5MG/ML (500MG/100ML)
1074	13 F 039	METRONIDAZOLE	tablet	250MG
1075	13 F 040	METRONIDAZOLE BENZOATE EXPRIME EN METRONIDAZOLE	syrup	125MG/5ML
1076	13 F 199	METRONIDAZOLE	tablet	500MG
1077	13 F 330	SECNIDAZOLE ANHYDRE	tablet	2G/SACHET- DOSE
1078	13 F 528	ORNIDAZOLE	tablet	500MG
1079	13 G 042	AMOXICILLINE SODIQUE (AMOXICILLINE)	injection	500MG/FL. DE PDRE.
1080	13 G 043	AMOXICILLINE SODIQUE EXPRIME EN AMOXICILLINE	injection	1G/FL. DE PDRE.
1081	13 G 045	AMOXICILLINE TRIHYDRATEE (AMOXICILLINE)	tablet	500MG
1082	13 G 046	AMOXICILLINE TRIHYDRATE EXPRIME EN AMOXICILLINE	syrup	125MG/5ML
1083	13 G 047	AMOXICILLINE TRIHYDRATE EXPRIME EN AMOXICILLINE	syrup	250MG/5ML
1084	13 G 050	AMOXICILLINE TRIHYDRATE EXPRIME EN AMOXICILLINE/ACIDE CLAVULANIQUE SEL DE POTASSIUM EXPRIME EN ACIDE CLAVULANIQUE	tablet	500MG/125MG
1085	13 G 051	AMOXICILLINE TRIHYDRATE EXPRIME EN AMOXICILLINE/ACIDE CLAVULANIQUE SEL DE POTASSIUM EXPRIME EN ACIDE CLAVULANIQUE	syrup	250MG/62,5MG/5ML
1086	13 G 054	AMPICILLINE SOUS FORME SODIQUE	other	1G/FLC
1087	13 G 058	AMPICILLINE TRIHYDRATE EXPRIME EN AMPICILLINE	other	500MG
1088	13 G 060	BENZATHINE BENZYLPENICILLINE	injection	600 000UI/FL. DE PDRE.
1089	13 G 061	BENZATHINE BENZYL PENICILLINE	injection	1 200 000UI/FL. DE PDRE.
1090	13 G 063	BENZYLPENICILLINE SODIQUE SOUS FORME SODIQUE	injection	1MUI/FLC
1091	13 G 069	OXACILLINE SODIQUE EXPRIME EN OXACILLINE	injection	1G/FL. DE PDRE.
1092	13 G 071	PHENOXYMETHYLPENICILLINE POTASSIQUE EXPRIME EN PHENOXYMETHYLPENICILLINE	other	250 000UI/5ML
1093	13 G 072	PHENOXYMETHYLPENICILLINE POTASSIQUE EXPRIME EN PHENOXYMETHYLPENICILLINE	tablet	1000 000UI
1094	13 G 160	OXACILLINE SODIQUE EXPRIME EN OXACILLINE	tablet	500MG
1095	13 G 181	AMOXICILLINE TRIHYDRATEE EXPRIME EN AMOXICILLINE/ACIDE CLAVULANIQUE POTASSIQUE EXPRIME EN ACIDE CLAVULANIQUE	syrup	100MG/12,5MG/ML
1096	13 G 182	AMOXICILLINE SODIQUE EXPRIME EN AMOXICILLINE/ACIDE CLAVULANIQUE POTASSIQUE EXPRIME EN ACIDE CLAVULANIQUE	injection	1G/200MG
1097	13 G 204	AMOXICILLINE TRIHYDRATEE EXPRIMEE EN AMOXICILLINE/ACIDE CLAVULANIQUE POTASSIQUE EXPRIME EN ACIDE CLAVULANIQUE	syrup	500MG/62,5MG
1098	13 G 220	AMOXICILLINE TRIHYDRATEE EXPRIME EN AMOXICILLINE	syrup	500MG/5ML
1099	13 G 230	AMOXICILLINE TRIHYDRATEE EXPRIME EN AMOXICILLINE	tablet	1G
1100	13 G 245	AMOXICILLINE TRIHYDRATEE EXPRIME EN AMOXICILLINE/ACIDE CLAVULANIQUE POTASSIQUE EXPRIME EN ACIDE CLAVULANIQUE	tablet	500MG/62,5MG
1101	13 G 266	AMOXICILLINE TRIHYDRATEE (AMOXICILLINE)/CLAVULANATE DE POTASSIUM (ACIDE CLAVULANIQUE)	syrup	400MG/57MG/5ML
1102	13 G 267	AMOXICILLINE TRIHYDRATEE EXPRIMEE EN AMOXICILLINE/ACIDE CLAVULANIQUE POTASSIQUE EXPRIME EN ACIDE CLAVULANIQUE	tablet	875MG/125MG
1103	13 G 268	AMOXICILLINE TRIHYDRATE E EXPRIME EN AMOXICILLINE ANHYDRE	tablet	1G/SACHET
1104	13 G 269	AMOXICILLINE TRIHYDRATEE EXPRIME EN AMOXICILLINE/ACIDE CLAVULANIQUE POTASSIQUE EXPRIME EN ACIDE CLAVULANIQUE	syrup	1G/125MG
1105	13 G 280	AMOXICILLINE/ACIDE CLAVULANIQUE	other	500MG/100MG
1106	13 G 301	AMOXICILLINE TRIHYDRATEE EXPRIME EN AMOXICILLINE	tablet	500MG
1107	13 G 306	PHENOXYMETHYLPENICILLINE	tablet	1 500 000UI
1108	13 G 470	MEROPENEME TRIHYDRATE EXPRIME EN MEROPENEME	injection	1G/FL DE PDRE
1109	13 G 477	MEROPENEME TRIHYDRATE EXPRIME EN MEROPENEME ANHYDRE	injection	500MG/FLACON
1110	13 G 515	AMOXICILLINE SODIQUE EXPRIME EN AMOXICILLINE/ACIDE CLAVULANIQUE POTASSIQUE EXPRIME EN ACIDE CLAVULANIQUE	syrup	600MG/42.9MG/5ML
1111	13 J 522	COLISTIMETHATE SODIQUE	injection	1000000 UI
1112	13 K 227	LEVOFLOXACINE HEMIHYDRATE EXPRIME EN LEVOFLOXACINE	tablet	250MG
1113	13 K 228	LEVOFLOXACINE HEMIHYDRATE EXPRIME EN LEVOFLOXACINE	tablet	500MG
1114	13 K 229	NORFLOXACINE	tablet	400 MG
1115	13 K 231	LEVOFLOXACINE HEMIHYDRATE EXPRIME EN LEVOFLOXACINE	injection	5MG/ML
1442	15 D 031	LEVODOPA/CARBIDOPA	tablet	100MG/10MG
1116	13 K 251	CIOROFLOXACINE SOUS FORME HYDROCHLORIDE	injection	2MG/ML
1117	13 K 252	CIPROFLOXACINE CHLORHYDRATE EXPRIME EN CIPROFLOXACINE	tablet	250MG
1118	13 K 253	CIPROFLOXACINE CHLORHYDRATE EXPRIME EN CIPROFLOXACINE	tablet	500MG
1119	13 K 254	CIPROFLOXACINE CHLORHYDRATE EXPRIME EN CIPROFLOXACINE	tablet	750MG
1120	13 K 334	GEMIFLOXACINE MESYLATE EXPRIME EN GEMIFLOXACINE	tablet	320MG
1121	13 K 467	CIPROFLOXACINE CHLORHYRATE MONOHYDRATE EXPRIME EN CIPROFLOXACINE	tablet	1G
1122	13 K 468	LEVOFLOXACINE HEMIHYDRATE (LEVOFLOXACINE)	tablet	750MG
1123	13 M 090	SULFAMETHOXAZOLE/TRIMETHOPRIME	syrup	200MG/40MG/5ML
1124	13 M 091	SULFAMETHOXAZOLE/TRIMETHOPRIME	injection	80 MG/400MG ( 16MG/ML/80 MG/ML)
1125	13 M 092	SULFAMETHOXAZOLE/TRIMETHOPRIME	tablet	400MG/80MG
1126	13 M 169	SULFAMETHOXAZOLE/TRIMETHOPRIME	tablet	800MG/160MG
1127	13 N 096	VANCOMYCINE** (SOUS FORME DE CHLORHYDRATE)	injection	500MG
1128	13 N 179	ACIDE FUSIDIQUE	tablet	250MG
1129	13 N 180	ACIDE FUSIDIQUE	syrup	250MG/5ML
1130	13 P 097	ACICLOVIR	tablet	200MG
1131	13 P 098	ACICLOVIR	injection	250MG/FL. DE PDRE.
1132	13 P 236	LAMIVUDINE	tablet	150MG
1133	13 P 237	LAMIVUDINE	syrup	10MG/ML
1134	13 P 274	ZIDOVUDINE	syrup	10MG/ML (50MG/5ML)
1135	13 P 277	LAMIVUDINE/ZIDOVUDINE	tablet	150MG/300MG
1136	13 P 278	NEVIRAPINE	tablet	200 MG
1137	13 P 281	RIBAVIRINE	tablet	200MG
1138	13 P 287	EFAVIRENZ	tablet	600MG
1139	13 P 288	ZIDOVUDINE	tablet	300 MG
1140	13 P 290	OSELTAMIVIR PHOSPHATE EXPRIME EN OSELTAMIVIR	tablet	75MG
1141	13 P 298	EFAVIRENZ	tablet	600 MG
1142	13 P 313	ENTECAVIR	tablet	0,5MG
1143	13 P 314	ENTECAVIR	tablet	1MG
1144	13 P 472	BOCEPREVIR	tablet	200 MG
1145	13 P 475	SOFOSBUVIR	tablet	400MG
1146	13 P 476	SOFOSBUVIR/LEDIPASVIR ACETONE (LEDIPASVIR)	tablet	400MG/90MG
1147	13 P 479	VALACICLOVIR CHLORHYDRATE	tablet	500 MG
1148	13 P 480	RALTEGRAVIR	tablet	400MG
1149	13 P 481	EMTRICITABINE/TENOFOVIR DISPROXIL FUMARATE	tablet	200 MG/300MG ( equivalent à 245 mg de tenofovir disoproxil)
1150	13 P 483	TENOFOVIR DISOPROXIL	tablet	300 MG
1151	13 P 484	RITONAVIR	tablet	100 MG
1152	13 P 486	DACLATASVIR DICHLORHYDRATE	tablet	60MG
1153	13 P 490	ABACAVIR SULFATE EXPERIME EN ABACAVIR	syrup	20 MG/ML
1154	13 P 491	ABACAVIR SULFATE EXPERIME EN ABACAVIR	tablet	300 MG
1155	13 P 494	DARUNAVIR	tablet	600MG
1156	13 P 495	VALGANCICLOVIR CHLORHYDRATE EXPRIME EN VALGANCICLOVIR	tablet	450 MG
1157	13 P 500	SOFOSBUVIR/VELPATASVIR	tablet	400MG/100MG
1158	13 P 501	EFAVIRENZ/EMTRICITABINE/TENOFOVIR DISOPROXIL FUMARATE	tablet	600MG/200MG/ 300 MG
1159	13 P 507	DOLUTEGRAVIR/ABACAVIR/LAMIVUDINE	tablet	50MG/600MG/300MG
1160	13 P 508	DORAVIRINE	tablet	10MG
1161	13 P 509	DORAVIRINE/LAMIVUDINE/TENOFIR DISOPROXIL	tablet	100MG/300MG/245MG
1162	13 P 516	LETERMOVIR	tablet	240MG
1163	13 P 517	LETERMOVIR	tablet	480MG
1164	13 P 518	LETERMOVIR	injection	240MG
1165	13 P 519	ACICLOVIR	syrup	200MG/5ML
1166	13 P 520	ACICLOVIR	syrup	800MG/10ML
1167	13 P 524	TENOFOVIR ALAFENAMIDE	tablet	25MG
1168	13 R 105	AMPHOTERICINE B	other	50 MG
1169	13 R 106	AMPHOTERICINE B	syrup	10% (10G/100ML)
1170	13 R 107	FLUCONAZOLE	other	200MG/100ML
1171	13 R 110	GRISEOFULVINE	tablet	250MG
1172	13 R 155	FLUCONAZOLE	tablet	50MG
1173	13 R 172	TERBINAFINE CHLORHYDRATE EXPRIME EN TERBINAFINE	tablet	250MG
1174	13 R 258	FLUCONAZOLE	tablet	150MG
1175	13 R 284	CASPOFUNGINE ACETATE EXPRIME EN CASPOFUNGINE	injection	50MG
1176	13 R 285	CASPOFUNGINE ACETATE EXPRIME EN CASPOFUNGINE	injection	70MG
1177	13 R 337	VORICONAZOLE	injection	200 MG/FLACON
1178	13 R 338	VORICONAZOLE	tablet	200 MG
1179	13 R 443	VORICONAZOLE	tablet	50MG
1180	13 R 464	ITRACONAZOLE	tablet	100MG
1181	13 R 482	POSACONAZOLE	syrup	40MG/ML
1182	13 R 505	AMPHOTERICINE B	other	50MG
1183	13 R 525	VORICONAZOLE	syrup	40MG/ML
1184	13 R 529	ANIDULAFUNGIN	injection	100MG
1185	13 R 533	ISAVUCONAZOLE	tablet	100MG
1186	13 R 534	ISAVUCONAZOLE	injection	200MG
1187	13 U 503	ANTIGENES  DE SURFACE DE VIRUS DE LA GRIPPE	injection	15µG HA**/DOSE
1188	13 U 504	VACCIN POUR LA PREVENTION DU CORONAVIRUS COVID-19 (NOM INTERNATIONAL NON EXCLUSIF)	injection	0,5ML/DOSE (composant I) et 0,5ML/DOSE (composant II)
1189	13 U 505	ANTIGENE SARS COV2	injection	600SU/DOSE ( 0,5 ml/dose)
1190	13 U 506	VACCIN PNEUMOCOCCIQUE POLYOSIDIQUE	injection	25µG DE CHACUN DES 23 SEROTYPES
1191	13 U 512	ANATOXINE DIPHTERIQUE / ANATOXINE TETANIQUE / ANTIGENE DE BORDETELLA PERTUSSIS : ANATOXINE PERTUSSIQUE/HEMAGGLUTININE FILAMENTEUSE/VIRUS POLIOMYELITIQUE : TYPE 1 (SOUCHE MAHONEY), TYPE 2 (SOUCHE MEF-1), TYPE 3 (SOUCHE SAUKETT)	injection	0.5 ML
1192	13 U 513	ANATOXINE DIPHTERIQUE / ANATOXINE TETANIQUE / ANTIGENE DE BORDETELLA PERTUSSIS : ANATOXINE PERTUSSIQUE/HEMAGGLUTININE FILAMENTEUSE/VIRUS POLIOMYELITIQUE/HEPATITIS B SURFACE ANTIGEN/POLYOSIDE D'HAEMOPHILUS INFUENZAE TYPE B/CONJUGUE A LA PROTEINE TETANIQUE	injection	0.5 ML
1193	13 U 514	ANATOXINE DIPHTERIQUE / ANATOXINE TETANIQUE / ANTIGENE DE BORDETELLA PERTUSSIS : ANATOXINE PERTUSSIQUE/HEMAGGLUTININE FILAMENTEUSE/VIRUS POLIOMYELITIQUE/HEPATITIS B SURFACE ANTIGEN/POLYOSIDE D'HAEMOPHILUS INFUENZAE TYPE B/CONJUGUE A LA PROTEINE TETANIQUE	injection	0.5 ML
1194	13 U 526	ANTIGENES DE SURFACE DE VIRUS DE LA GRIPPE INACTIVE DES SOUCHES SUIVANTS:-A/VICTORIA/4897/2022,IVR-238)15µg HA -A/DARWIN/9/2021,SAN-010)15µg HA ET B/AUSTRIA/1359417/2021,BV26)	injection	15µG HA / 15µG HA / 15µG HA
1195	13 U 530	NEISSERIA MENINGITIDIS GROUPE (A POLYSACCHARIDE - C POLYSACCHARIDE - W-135 POLYSACCHARIDE - Y POLYSACCHARIDE * CONJUGUE A L'ANATOXINE TETANIQUE EN TANT QUE PREOTEINE VECTRICE)	injection	5µg/5µg/5µg/5µg/44µg
1196	13 U 531	VACCIN PAPILLOMAVIRUS HUMAIN (TYPES 6,11,16,18,31,33,45,52,58) RECOMBINANT,ADSORBE	injection	1 DOSE (0,5ml) contient : 30ug/40ug/60ug/40ug/20ug/20ug/20ug/20ug/20ug
1197	13 U 532	VACCIN MENINGOCOCCIQUE CONJUGUE DES GROUPES A,C,W ET Y	injection	10µG POLYOSIDE DE NEISSERIA MENINGITIDIS DE GROUPE A+10µg POLYOSIDE DE NEISSERIA MENINGITIDIS DE GRO
1198	13 V 451	IMMUNOGLOBULINE HUMAINE NORMALE (IG IV)	injection	100MG/ML (2,5G/25ML- 5G/50ML - 10G/100ML)
1199	13 V 471	IIMMUNOGLOBULINE HUMAINE NORMAL IGIV	injection	50MG/ML (2,5G/50ML OU 5G/100ML OU 10G/200ML)
1200	13 V 493	IMMUNOGLOBULINE HUMAINE DE L'HEPETITE B	other	50UI/ML
1201	13 V 498	IMMUNOGLOBULINE HUMAINE DE L'HEPETITE B	injection	500UI/ML
1202	13 V 499	PALIVIZUMAB	injection	100MG/ML
1203	13 V 505	IMMUNOGLOBULINE HUMAINE DE L'HEPATITE B	injection	200UI/ML
1204	13 V 506	IMMUNOGLOBULINE HUMAINE DE L'HEPATITE B	injection	1000UI/5ML
1205	13 W 187	IMIPENEM (SOUS FORME MONOHYDRATEE)/CILASTATINE** (SOUS FORME SODIQUE)	injection	500MG**/500MG**/FL. DE PDRE.
1206	13 X 096	VANCOMYCINE CHLORHYDRATE	injection	500MG
1207	13 X 339	TEICOPLANINE	injection	200MG/FL.DE PDRE.
1208	13 X 340	TEICOPLANINE	injection	400MG/FL.DE PDRE.
1209	13 Y 520	DAPTOMYCINE	injection	350MG
1210	13 Y 521	DAPTOMYCINE	injection	500MG
1211	14 A 003	GLIBENCLAMIDE	tablet	5MG
1212	14 A 004	GLICLAZIDE	tablet	80MG
1213	14 A 006	METFORMINE CHLORHYDRATE	tablet	500MG
1214	14 A 007	METFORMINE CHLORHYDRATE	tablet	850MG
1215	14 A 008	METFORMINE EMBONATE	tablet	700MG
1216	14 A 136	ACARBOSE	tablet	50MG
1217	14 A 187	GLIMEPIRIDE	tablet	1MG
1218	14 A 188	GLIMEPIRIDE	tablet	2MG
1219	14 A 189	GLIMEPIRIDE	tablet	3MG
1220	14 A 190	GLIMEPIRIDE	tablet	4MG
1221	14 A 200	REPAGLINIDE	tablet	0,5MG
1222	14 A 201	REPAGLINIDE	tablet	1MG
1223	14 A 202	REPAGLINIDE	tablet	2MG
1224	14 A 224	METFORMINE CHLORHYDRATE	tablet	1000MG
1225	14 A 303	GLICLAZIDE	tablet	30MG
1226	14 A 305	GLIQUIDONE	tablet	30MG
1227	14 A 324	GLIMEPIRIDE	tablet	6MG
1228	14 A 341	ACARBOSE	tablet	100MG
1229	14 A 342	SITAGLIPTINE PHOSPHATE MONOHYDRATE EXPRIME EN SITAGLIPTINE	tablet	100MG
1230	14 A 345	VILDAGLIPTINE	tablet	50MG
1231	14 A 351	CHLORHYDRATE DE METFORMINE	syrup	500 MG
1232	14 A 352	CHLORHYDRATE DE METFORMINE	syrup	850 MG
1233	14 A 353	CHLORHYDRATE DE METFORMINE	syrup	1000 MG
1234	14 A 357	SITAGLIPTINE PHOSPHATE MONOHYDRATE EXPRIME EN SITAGLIPTINE	tablet	50 MG
1235	14 A 360	VIDAGLIPTINE/METFORMINE CHLORHYDRATE	tablet	50MG/1000MG
1236	14 A 361	VILDAGLIPTINE/METFORMINE HYDROCHLORIDE	tablet	50MG/850MG
1237	14 A 362	METFORMINE HYDROCHLORIDE	tablet	500MG
1238	14 A 363	METFORMINE HYDROCHLORIDE	tablet	750 MG
1239	14 A 364	METFORMINE HYDROCHLORIDE	tablet	1G
1240	14 A 372	ALOGLIPTINE BENZOATE	tablet	12.5MG
1241	14 A 373	ALOGLIPTINE BENZOATE	tablet	25MG
1242	14 A 374	ALOGLIPTINE BENZOATE/METFORMINE CHLORHYDRATE	tablet	12.5MG/500MG
1243	14 A 375	ALOGLIPTINE BENZOATE/METFORMINE CHLORHYDRATE	tablet	12.5MG/1000MG
1244	14 A 376	DAPAGLIFLOZINE PROPANEDIOL	tablet	05MG
1245	14 A 377	DAPAGLIFLOZINE PROPANEDIOL	tablet	10MG
1246	14 A 391	GLICLAZIDE	tablet	60MG
1247	14 A 396	DAPAGLIFLAZINE PROPANEDIOL/CHLORHYDRATE DE METFORMINE	tablet	5MG/1000MG
1248	14 A 397	CANAGLIFLOZINE	tablet	100MG
1249	14 A 398	CANAGLIFLOZINE	tablet	300MG
1250	14 A 399	EMPAGLIFLOZINE	tablet	25MG
1251	14 A 410	METFORMINE HCI/SITAGLIPTINE SOUS FORME PHOSPHATE MONOHYDRATE	tablet	1000MG/50MG
1252	14 A 413	EMPAGLIFLOZINE	tablet	10MG
1253	14 B 195	INSULINE LISPRO	other	100UI/ML (3.5MG/ML)
1254	14 B 215	INSULINE GLARGINE	injection	100UI/ML (3,64MG/ML)
1255	14 B 223	INSULINE ASPARTE	injection	100UI/ML
1256	14 B 225	INSULINE ASPARTE / INSULINE ASPARTE PROTAMINE 30/70%	injection	100UI/ML
1257	14 B 227	INSULINE DETEMIR	injection	100U/ML
1258	14 B 326	INSULINE LISPRO 25% / INSULINE LISPRO 75%	other	100UI/ML (3.5MG/ML)
1259	14 B 327	INSULINE LISPRO 50% / INSULINE LISPRO 50%	other	100UI/ML (3.5MG/ML)
1260	14 B 337	INSULINE LISPRO	other	100UI/ML (3.5MG/ML)
1261	14 B 338	INSULINE LISPRO 25% / INSULINE LISPRO PROTAMINE 75%	other	100UI/ML (3.5MG/ML)
1262	14 B 339	INSULINE LISPRO 50% / INSULINE LISPRO PROTAMINE 50%	other	100UI/ML (3.5MG/ML)
1263	14 B 369	INSULINE ASPARTE	injection	100UI/ML
1264	14 B 370	INSULINE DEGLUDEC/LIRAGLUTIDE	injection	100UI/ML 3,6MG/ML
1265	14 B 371	INSULINE DEGLUDEC	injection	100UI/1ML
1266	14 B 384	INSULINE GLARGINE	injection	300UI/ML
1267	14 C 139	GLUCAGON CHLORHYDRATE EXPRIME EN GLUCAGON	other	1MG/ML
1268	14 D 022	POLYSTIRENE SULFONATE DE SODIUM	other	15G/MESURETTE
1269	14 E 357	SITAGLIPTINE (DCI) PHOSPHATE MONOHYDRATE EXPRIME EN SITAGLIPTINE	tablet	50 MG
1270	14 F 024	CYPROHEPTADINE CHLORHYDRATE EXPRIME EN CYPROHEPTADINE	syrup	2MG/5ML
1271	14 F 025	CYPROHEPTADINE CHLORHYDRATE EXPRIME EN CYPROHEPTADINE	tablet	4MG
1272	14 G 027	BROMO-GALACTOGLUCONATE DE CALCIUM	tablet	2G
1273	14 G 028	CHLORURE DE CALCIUM HEXAHYDRATE	injection	10G/100ML ( 10%)
1274	14 G 029	CARBONATE DE CALCIUM EXPRIME EN CALCIUM ELEMENT	syrup	500MG
1443	15 D 032	LEVODOPA/CARBIDOPA	tablet	250MG/25MG**
1275	14 G 037	PHOSPHATE TRICALCIQUE/FLUORURE DE SODIUM/VITAMINE D3/ASCORBATE DE SODIUM	syrup	125MG/0,5MG/8µG/22,50MG/5ML
1276	14 G 038	LEVOCARNITINE	syrup	100 MG/ML
1277	14 G 042	EAU POUR PREPARATIONS INJECTABLES IM/IV	other	---
1278	14 G 044	GLUCOSE MONOHYDRATE EXPRIME EN GLUCOSE ANHYDRE	injection	5% (25G/500ML)
1279	14 G 046	GLUCOSE MONOHYDRATEE EXPRIME EN GLUCOSE ANHYDRE	injection	0,1
1280	14 G 048	GLUCOSE MONOHYDRATEE EXPRIME EN GLUCOSE ANHYDRE	injection	0,15
1281	14 G 054	MAGNESIUM PIDOLATE**	syrup	0,15G/ML** (15%) (750MG/5ML)** (EQUIV. 12,2MG/ML DE MAGNESIUM)
1282	14 G 055	SULFATE DE MAGNESIUM HEPTAHYDRATE	injection	15% (1,5G/10ML)
1283	14 G 056	OLIGOELEMENTS	injection	
1284	14 G 059	CHLORURE DE POTASSIUM	injection	0,1
1285	14 G 061	POTASSIUM GLUCONATE	syrup	0,15
1286	14 G 065	CHLORURE DE SODIUM/CHLORURE DE POTASSIUM/CITRATE DE SODIUM SOUS FORME TRISODIQUE DIHYDRATE/GLUCOSE ANHYDRE	syrup	2,6G/1,5G/2,9G/13,5G/SACHET
1287	14 G 066	SODIUM CHLORURE/POTASSIUM CHLORURE/CALCIUM CHLORURE DIHYDRATE/SODIUM LACTATE	other	0,6G/0,04G/0,027G/0,320G/100ML (131,23mmol Sodium/5,37mmol Potassium/1,83mmol de Calcium/111,69mmol 
1288	14 G 078	CHLORURE DE SODIUM	injection	0.009
1289	14 G 080	CHLORURE DE SODIUM	injection	0.1
1290	14 G 135	CALCIUM PIDOLATE (CALCIUM ELEMENT)	syrup	67,5MG/5ML (0,5G/5ML EN CALCIUM PIDOLATE)
1291	14 G 141	CALCIUM CARBONATE	tablet	500MG
1292	14 G 161	ASPARTATE DE MAGNESIUM DIHYDRATE	tablet	400MG
1293	14 G 162	PIDOLATE DE MAGNESIUM / SOIT EN MAGNESIUM - ELEMENT	syrup	15% (0.75G/5ML)
1294	14 G 170	CHLORURE DE SODIUM	other	0,009
1295	14 G 175	CALCIUM CARBONATE/CHOLECALCIFEROL (VITAMINE D3)	tablet	500MG/400UI
1296	14 G 183	EAU POUR PREPARATIONS INJECTABLES	injection	1 AMP DE 2ML
1297	14 G 184	EAU POUR PREPARATIONS INJECTABLES IM/IV	injection	1AMP DE 3ML
1298	14 G 185	EAU POUR PREPARATIONS INJECTABLES IM/IV	other	AMP. DE 5ML
1299	14 G 186	EAU POUR PREPARATION INJECTABLE IM/IV	other	AMP. DE 10ML
1300	14 G 229	OXYDE DE MAGNESIUM	tablet	250MG
1301	14 G 315	CALCIUM CARBONATE EXPRIME EN CALCIUM ELEMENT	tablet	500MG
1302	14 G 317	GLUCOSE MONOHYDRATE/CHLORURE DE SODIUM/CHLORURE DE POTASSIUM/GLUCONATE DE CALCIUM/CHLORURE DE MAGNESIUM	other	5,5G/0,3G/0,2G/0,1G/0,05G/100ML
1303	14 G 333	MAGNESIUM ELEMENT (SOUS FORME DE MAGNESIUM PIDOLATE)	other	127MG/5ML DE MAGNESIUM (1,5G/5ML DE PIDOLATE DE MAGNESIUM))
1304	14 G 347	GLUCOSE SOUS FORME DE GLUCOSE MONOHYDRATE	injection	30G/100ML
1305	14 G 356	CARONATE DE MAGNESIUM EXPRIME EN MAGNESIUM	syrup	3MG/SACHET
1306	14 G 395	GLUCOSE 2.5% ET CHLORURE DE SODIUM 0.45%	injection	POUR 100ML DE SOLUTION 2.5G DE GLUCOSE ET 0.45G DE CHLORURE DE SODIUM
1307	14 G 408	GLUCOSE ANHYDRE SOUS FORME DE GLUCOSE MONOHYDRATE	injection	30G/100ML(30%)
1308	14 G 409	GLUCOSE/CHLORURE DE SODIUM	injection	5%/0,45%
1309	14 H 085	ACIDE ASCORBIQUE	injection	500MG/5ML
1310	14 H 086	ACIDE ASCORBIQUE	tablet	500MG
1311	14 H 087	ASCORBATE DE SODIUM/GLUTAMATE DE SODIUM/CHLORHYDRATE DE LYSINE/ASPARTATE DE MAGNESIUM	syrup	60MG/250MG/100MG/100MG/100ML
1312	14 H 088	ALFACALCIDOL	tablet	1µG
1313	14 H 089	ALFACALCIDOL (OU 1 ALPHA-HYDROXYCHOLECALCIFEROL)	tablet	0,25µG
1314	14 H 092	CALCIFEDIOL	syrup	5µG/GTTE.
1315	14 H 094	CHOLECALCIFEROL	syrup	200 000UI/ML
1316	14 H 095	CHOLECALCIFEROL	syrup	200 000UI/ML
1317	14 H 097	COMPLEXE VITAMINIQUE	syrup	
1318	14 H 098	ERGOCALCIFEROL/GLUCONATE DE CALCIUM/LACTATE DE CALCIUM	syrup	1000UI/129MG/36,8 MG/5 ML
1319	14 H 099	ERGOCALCIFEROL/GLUCONATE DE CALCIUM/LACTATE DE CALCIUM	syrup	5000UI/500MG/350MG/5ML
1320	14 H 102	PYRIDOXINE CHLORHYDRATE	tablet	250MG
1321	14 H 108	CHLORHYDRATE DE THIAMINE	injection	100MG/2ML
1322	14 H 109	THIAMINE NITRATE	tablet	250MG
1323	14 H 110	TOCOPHEROL	tablet	100MG
1324	14 H 112	THIAMINE/PYRIDOXINE	tablet	250MG/250MG
1325	14 H 115	ACIDE ASCORBIQUE ASCORBATE DE SODIUM EXPRIME EN ACIDE ASCORBIQUE	tablet	250MG
1326	14 H 168	ACIDE ASCORBIQUE	tablet	500MG
1327	14 H 171	ASPARTATE D'ARGININE	tablet	1G
1328	14 H 172	ARGININE ASPARTATE	syrup	1G/5ML
1329	14 H 177	COMPLEXE VITAMINIQUE + OLIGOELEMENTS	tablet	
1330	14 H 207	ARGININE ASPARTATE/ACIDE ASCORBIQUE	syrup	1,5G/0,5G/5ML
1331	14 H 212	THIAMINE/PYRIDOXINE/CYANOCOBALAMINE	tablet	125MG/125MG/0,55MG
1332	14 H 216	ASCORBATE DE SODIUM/GLUTAMATE DE SODIUM/CHLORHYDRATE DE LYSINE/ASPARTATE DE MAGNESIUM	syrup	1G/250MG/100MG/100MG
1333	14 H 220	THIAMINE MONONITRATE/PYRIDOXINE CHLORHYDRATE/CYANOCOBALAMINE	tablet	200MG/100MG/1MG
1334	14 H 221	MALATE DE CITRILLUNE	syrup	1G/10ML
1335	14 H 222	ACIDE ASCORBIQUE	tablet	1G
1336	14 H 302	ARGININE ASPARTATE	other	0,5G/5ML
1337	14 H 325	COLECALCIFEROL/CALCIUM CARBONATE EXPRIME EN CALCIUM ELEMENT	syrup	400UI/500MG
1338	14 H 334	VITAMINE A/VITAMINE D3/VIATAMINE E/VITAMINE B1/ VITAMINE B2/VITAMINE B6/NICOTINAMIDE/ACIDE FOLIQUE/ACIDE PANTHOTENIQUE/BIOTINE/VITAMINE B12/VITAMINE C/BETA CAROTENE	tablet	0,4MG/0,005MG/10MG/1,4MG/1,6MG/2MG/18MG/0,2MG/6MG/0,150MG/0,001MG/ 60MG/2,4MG
1339	14 H 340	ERGOCALCIFEROL (OU VIT D2)/GLUCONATE DE CALCIUM/PHOSPHATE BICALCIQUE	syrup	1500UI/125,5MG/20,45MG/5ML
1340	14 H 358	ACETATE ALPHA TOCOPHEROL	tablet	500 MG
1341	14 H 403	CHOLECALCIFEROL	syrup	100 000UI
1342	14 H 420	CHLORHYDRATE DE THIAMINE/CHLORHYDRATE DE PYRIDOXINE	tablet	250MG/35MG
1343	14 J 173	OXOGLURATE D'ORNITHINE EXPRIME EN OXOGLURATE DE L(+)ORNITHINE MONOHYDRATE	other	5G/SACHET-DOSE
1344	14 K 124	HUILE DE SOJA PURIFIEE	injection	20G/100ML
1345	14 K 322	ACIDES AMINES/GLUCOSE/LIPIDES	injection	5,5%/20%/10%
1346	14 K 323	ACIDES AMINES/GLUCOSE/LIPIDES	injection	10%/40%/20%
1347	14 K 387	SOLUTION NORMO PROTIDIQUE NORMO ENERGETIQUE ADULTE	other	1,0 KCAL/ML
1348	14 K 404	ACIDES AMINES/GLUCOSE/LIPIDES	injection	6,3%/18,75%/15%
1349	14 K 405	ACIDES AMINES/GLUCOSE/LIPIDES	injection	14,2%/27,5%/20%
1350	14 K 406	ACIDES AMINES/GLUCOSE/LIPIDES	injection	11,1%/35%/20%
1351	14 K 407	ACIDES AMINES/GLUCOSE/LIPIDES	injection	14,2%/27,5%/20%
1352	14 K 417	ACIDE AMINES/GLUCOSE/LIPIDES	other	50%/5,9%/12,5%
1353	14 K 418	ACIDE AMINES/GLUCOSE/LIPIDES	other	50%/5,9%/12,5%
1354	14 K 419	ACIDE AMINES/GLUCOSE/LIPIDES	other	50%/5,9%/12,5%
1355	14 L 130	LAIT SANS PHENYLALANINE	other	
1356	14 L 131	LAIT EN POUDRE SANS PROTEINES DE LAIT DE VACHE	other	
1357	14 L 343	LAIT SANS PHENYLALANINE	other	
1358	14 L 344	LAIT SANS PHENYLALANINE	other	
1359	14 L 378	LAIT SANS PHENYLALANINE	other	
1360	14 L 381	LAIT SANS PHENYLALANINE	other	
1361	14 L 385	LAIT EN POUDRE SANS PHENYLALANINE SANS TYROSINE	other	
1362	14 L 386	LAIT EN POUDRE SANS PHENYLALANINE SANS TYROSINE	other	
1363	14 M 314	FACTEUR DE CROISSANCE EPIDERMIQUE HUMAIN RECOMBINANT (F.C.E. HUM. REC.)	other	15µG/ML
1364	14 N 316	IMIGLUCERASE	injection	400 U
1365	14 N 331	GALSULFASE	other	1MG/ML (OU 5MG/5ML)
1366	14 N 348	LARONIDASE	injection	100U DE LARONIDASE/ML (500U DE LARONIDASE/ML)
1367	14 N 349	AGALSIDASE BETA	injection	35MG/FL. DE PDRE.
1368	14 N 350	VELAGLUCERASE ALFA	injection	400 U DE VELAGLUCERASE ALFA/FL. DE PDRE. (100U DE VELAGLUCERASE/ML APRES RECONSTITUTION)
1369	14 N 353	IDURSULFASE SHIRE	injection	2MG/ML
1370	14 N 354	ALGLUCOSIDASE ALFA	injection	50 MG/FL APRES RECONSTITUTION 5MG/ML D'ALGLUCOSIDASE ALFA ,APRES LA DILUTION LA CONCENTRATION VARIE 
1371	14 N 355	AGALSIDASE ALFA	injection	1 MG/ML
1372	14 N 359	IDURSULFASE-BETA GREEN CROSS	injection	2MG/ML
1373	14 N 365	NITISINONE	tablet	5MG
1374	14 N 366	NITISINONE	tablet	10MG
1375	14 N 368	ELOSULFATE ALPHA	injection	1MG/ML
1376	14 N 379	CYSTEAMINE EXPRIME EN BITARTRATE DE MERCAPTAMINE	tablet	50MG/GELULE
1377	14 N 380	CYSTEAMINE EXPRIME EN BITARTRATE DE MERCAPTAMINE	tablet	150MG/GELULE
1378	14 N 388	ACIDE CHOLIQUE	tablet	50 MG
1379	14 N 389	ACIDE CHOLIQUE	tablet	250 MG
1380	14 N 390	IMIGLUCERASE	other	200U
1381	14 N 394	IMIGLUCERASE	other	400 U
1382	14 N 421	ACIDE CARGLUMIQUE	tablet	200MG
1383	14 P 346	LIRAGLUTIDE	injection	6MG/ML
1384	14 R 401	DULAGLUTIDE	injection	0,75MG/0,5ML
1385	14 R 402	DULAGLUTIDE	injection	1,5MG/0,5MG
1386	14 R 414	SEMAGLUTIDE	injection	0,25MG
1387	14 R 415	SEMAGLUTIDE	injection	1MG
1388	14 R 416	SEMAGLUTIDE	injection	0,5MG/ML
1389	15 A 001	VALPROATE DE SODIUM	tablet	200MG
1390	15 A 002	VALPROATE DE SODIUM	tablet	500MG
1391	15 A 003	VALPROATE DE SODIUM	syrup	200MG/ML
1392	15 A 004	CARBAMAZEPINE	tablet	200MG
1393	15 A 006	CARBAMAZEPINE	syrup	100MG/5ML
1394	15 A 008	CLONAZEPAM	tablet	2MG
1395	15 A 009	CLONAZEPAM	syrup	2,5MG/ML
1396	15 A 012	PHENOBARBITAL** (SOUS FORME SODIQUE)	other	40MG/FL. DE LYOPH.**
1397	15 A 013	PHENOBARBITAL	tablet	50MG
1398	15 A 014	PHENOBARBITAL	tablet	100MG
1399	15 A 036	CARBAMAZEPINE	tablet	400MG
1400	15 A 043	VALPROATE DE SODIUM	tablet	500MG
1401	15 A 051	LAMOTRIGINE	tablet	5MG
1402	15 A 052	LAMOTRIGINE	tablet	25MG
1403	15 A 053	LAMOTRIGINE	tablet	100MG
1404	15 A 064	LAMOTRIGINE	tablet	50MG
1405	15 A 065	PREGABALINE	tablet	25MG
1406	15 A 066	PREGABALINE	tablet	50MG
1407	15 A 068	PREGABALINE	tablet	150MG
1408	15 A 069	PREGABALINE	tablet	300MG
1409	15 A 072	LEVETIRACETAM	tablet	250MG
1410	15 A 073	LEVETIRACETAM	tablet	500MG
1411	15 A 081	TOPIRAMATE	tablet	25MG
1412	15 A 082	TOPIRAMATE	tablet	50MG
1413	15 A 083	TOPIRAMATE	tablet	100MG
1414	15 A 084	TOPIRAMATE	tablet	200 MG
1415	15 A 086	GABAPENTINE	tablet	300MG
1416	15 A 087	GABAPENTINE	tablet	400MG
1417	15 A 089	LAMOTRIGINE	tablet	50MG
1418	15 A 092	VALPROATE DE SODIUM	syrup	200MG/5ML
1419	15 A 100	LEVETIRACETAM	other	100MG/ML
1420	15 A 101	PREGABALINE	tablet	75MG
1421	15 A 102	LEVETIRACETAM	tablet	750MG
1422	15 A 105	LEVETIRACETAM	tablet	1000MG
1423	15 A 109	LEVETIRACETAM	tablet	750MG
1424	15 A 110	LEVETIRACETAM	tablet	500MG
1425	15 A 125	PHENYTOINE SODIQUE	injection	250MG/5ML
1426	15 A 134	LACOSAMIDE	tablet	50MG
1427	15 A 135	LACOSAMIDE	tablet	100MG
1428	15 A 141	LACOSAMIDE	syrup	10MG/ML
1429	15 A 144	LACOSAMIDE	tablet	150MG
1430	15 A 145	LACOSAMIDE	tablet	200MG
1431	15 A 189	LAMOTRIGINE	tablet	50MG
1432	15 B 018	ERGOTAMINE TARTRATE ASSOCIE	tablet	1MG
1433	15 B 044	CITICOLINE	injection	125MG/ML (OU 500MG/4ML )
1434	15 B 059	SUMATRIPTAN SUCCINATE	tablet	50MG
1435	15 B 070	ELETRIPTAN HYDROBROMURE EXPRIME EN ELETRIPTAN	tablet	20MG
1436	15 B 071	ELETRIPTAN HYDROBROMURE EXPRIME EN ELETRIPTAN	tablet	40MG
1437	15 B 118	ZOLMITRIPTAN	tablet	2,5 MG
1438	15 B 119	ZOLMITRIPTAN	tablet	5 MG
1439	15 B 137	RIZATRIPTAN	tablet	10 MG
1440	15 C 024	METHYLSULFATE DE NEOSTIGMINE	injection	0,5MG/ML
1441	15 C 026	PYRIDOSTIGMINE BROMURE	other	60MG
1444	15 D 033	TRIHEXYPHENIDYLE CHLORHYDRATE	tablet	2MG
1445	15 D 034	TRIHEXYPHENIDYLE CHLORHYDRATE	tablet	5MG
1446	15 D 062	TRIHEXYPHENIDYLE CHLORHYDRATE	tablet	5MG
1447	15 D 077	ENTACAPONE	tablet	200MG
1448	15 D 093	TRIHEXYPHENIDYLE CHLORHYDRATE	tablet	2MG
1449	15 D 097	ROPINIROLE CHLORHYDRATE EXPRIME EN ROPINIROLE	tablet	0,25MG
1450	15 D 098	ROPINIROLE CHLORHYDRATE EXPRIME EN ROPINIROLE	tablet	1MG
1451	15 D 120	PRAMIPEXOL SOUS FORME DE DIHYDROCHLORIDE MONOHYDRATE	tablet	0,375 MG
1452	15 D 121	PRAMIPEXOL SOUS FORME DE DIHYDROCHLORIDE MONOHYDRATE	tablet	0,75MG
1453	15 D 122	PRAMIPEXOL SOUS FORME DE DIHYDROCHLORIDE MONOHYDRATE	tablet	1,5MG
1454	15 D 123	PRAMIPEXOL SOUS FORME DE DIHYDROCHLORIDE MONOHYDRATE	tablet	4,5 MG
1455	15 D 124	RASAGLINE MESILATE	tablet	1MG
1456	15 D 139	ROPINIROLE	tablet	2 MG
1457	15 D 140	ROPINIROLE	tablet	5 MG
1458	15 D 144	ROPINIROLE	tablet	4 MG
1459	15 D 145	ROPINIROLE	tablet	8 MG
1460	15 D 146	ROPINIROL	tablet	2MG
1461	15 F 074	DONEPEZIL CHLORHYDRATE	tablet	5MG
1462	15 F 075	DONEPEZIL SOUS FORME DE CHLORHYDRATE	tablet	10MG
1463	15 F 099	RIVASTIGMINE TARTRATE (RIVASTIGMINE)	syrup	2MG/ML
1464	15 F 103	DONEPEZIL	tablet	05MG
1465	15 F 104	DONEPEZIL	tablet	10MG
1466	15 F 106	RIVASTIGMINE TARTRATE (RIVASTIGMINE)	tablet	1,5MG
1467	15 F 107	RIVASTIGMINE HYDROGENOTARTRATE (RIVASTIGMINE)	tablet	3MG
1468	15 F 108	RIVASTIGMINE HYDROGENOTARTRATE (RIVASTIGMINE)	tablet	4,5MG
1469	15 F 113	RIVASTIGMINE TARTRATE (RIVASTIGMINE)	tablet	6 MG
1470	15 F 114	MEMANTINE CHLORHYDRATE	tablet	5 MG
1471	15 F 115	MEMANTINE CHLORHYDRATE	tablet	10 MG
1472	15 F 117	MEMANTINE CHLORHYDRATE	tablet	20MG
1473	15 F 130	MEMANTINE CHLORHYDRATE	tablet	7MG
1474	15 F 131	MEMANTINE CHLORHYDRATE	tablet	28MG
1475	15 F 132	MEMANTINE CHLORHYDRATE	tablet	28MG
1476	15 F 137	MEMANTINE CHLORHYDRATE	syrup	1MG/0,5ML
1477	15 G 055	INTERFERON BETA 1A	injection	44µG/0,5ML (12MUI/0,5ML)
1478	15 G 078	INTERFERON BETA 1A RECOMBINANT	injection	30µG/0,5ML (OU 6MUI/0,5ML)
1479	15 G 091	NATALIZUMAB	other	300MG/FL. DE CONC. (20MG/ML)
1480	15 G 096	INTERFERON BETA-1B RECOMBINANT	other	250µG/ML (8MUI/ML) DE SOL. RECONSTITUEE
1481	15 G 111	INTERFERON BETA 1-A	other	22 UG/0,5 ML
1482	15 G 112	INTERFERON BETA 1-A	other	44UG/0,5 ML
1483	15 G 125	FINGOLIMOD CHLORHYDRATE EXPRIME EN FINGOLIMOD	tablet	0,5MG
1484	15 G 127	DIMETHYL FUMARATE	tablet	120MG
1485	15 G 128	DIMETHYL FUMARATE	tablet	240MG
1486	15 G 133	FAMPRIDINE	tablet	10MG
1487	15 G 134	GLATIRAMERE ACETATE	injection	40MG/ML
1488	15 G 136	OCRELIZUMAB	injection	300MG/10ML
1489	15 G 137	CLADRIBINE	tablet	10 MG
1490	15 G 146	TOXINE BOTULINIQUE DE TYPE A	injection	100 UNITES
1491	15 G 147	PEGINTERFERON BETA-1A	other	UN STYLO : 63uG/0,5ML & UN STYLO : 94uG/0,5ML
1492	15 G 148	PEGINTERFERON BETA-1A	other	125uG/0,5ML
1493	15 H 079	TOXINE BOTULINIQUE TYPE A	injection	500 UNITES SPEYWOOD
1494	15 J 085	ETHER ETHYLIQUE DE L'ACIDE ALPHA BROMO ISO VALERIANATE/PHENOBRABITAL/HUILE DE MENTHE POIVREE	syrup	20MG/18,26MG/1,42MG/ML
1495	15 J 522	COLISTIMETHATE SODIQUE	injection	1000000 UI
1496	15 K 045	CITICOLINE SOUS FORME SODIQUE	syrup	100MG/ML
1497	15 K 094	CITICOLINE SOUS FORME SODIQUE	other	250MG/ML** (OU 1000MG/4ML)
1498	15 L 129	MODAFINIL	tablet	100MG
1499	15 M 143	RISDIPLAM	other	0.75MG / ML
1500	15 M 144	NUSINERSEN	other	12MG/5ML
1501	16 A 001	AMITRIPTYLINE CHLORHYDRATE EXPRIME EN AMITRIPTYLINE	tablet	25MG
1502	16 A 002	AMITRIPTYLINE CHLORHYDRATE EXPRIME EN AMITRIPTYLINE	tablet	50MG
1503	16 A 003	AMITRIPTYLINE CHLORHYDRATE EXPRIME EN AMITRIPTYLINE	syrup	4% (40MG/ML)
1504	16 A 004	CLOMIPRAMINE CHLORHYDRATE	injection	25MG/2ML
1505	16 A 005	CLOMIPRAMINE CHLORHYDRATE	tablet	10MG
1506	16 A 006	CLOMIPRAMINE CHLORHYDRATE	tablet	25MG
1507	16 A 007	CLOMIPRAMINE CHLORHYDRATE	tablet	75MG
1508	16 A 013	MIANSERINE CHLORHYDRATE	tablet	10MG
1509	16 A 014	MIANSERINE CHLORHYDRATE	tablet	30MG
1510	16 A 017	TRIMIPRAMINE	tablet	25MG
1511	16 A 018	TRIMIPRAMINE	syrup	0,04
1512	16 A 078	FLUOXETINE CHLORHYDRATE EXPRIME EN FLUOXETINE	tablet	20MG
1513	16 A 086	MIRTAZAPINE	tablet	30MG
1514	16 A 088	FLUOXETINE	syrup	20MG/5ML
1515	16 A 095	PAROXETINE CHLORHYDRATE HEMIHYDRATE EXPRIME EN PAROXETINE	tablet	20MG
1516	16 A 096	CLOZAPINE	tablet	25MG
1517	16 A 097	CLOZAPINE	tablet	100MG
1518	16 A 099	SERTRALINE CHLORHYDRATE EXPRIME EN SERTRALINE	tablet	50MG
1519	16 A 105	ESCITALOPRAM OXALATE EXPRIME EN ESCITALOPRAM	tablet	10MG
1520	16 A 106	DULOXETINE CHLORHYDRATE	cream	30MG
1521	16 A 107	DULOXETINE CHLORHYDRATE EXPRIME EN DULOXETINE	tablet	60 MG
1522	16 A 115	SERTRALINE (SOUS FORME DE CHLORHYDRATE)	tablet	100MG
1523	16 A 125	VENLAFAXINE CHLORHYDRATE EXPRIME EN VENLAFAXINE	tablet	37,5MG
1524	16 A 126	VENLAFAXINE CHLORHYDRATE EXPRIME EN VENLAFAXINE	tablet	75 MG
1525	16 A 130	ESCITALOPRAM OXALATE EXPRIME EN ESCITALOPRAM	tablet	20MG
1526	16 A 131	ESCITALOPRAM OXALATE EXPRIME EN ESCITALOPRAM	syrup	10MG/ML
1527	16 A 133	ESCITALOPRAM OXALATE EXPRIME EN ESCITALOPRAM	tablet	5MG
1528	16 A 154	PAROXETINE CHLORHYDRATE HEMIHYDRATE EXPRIME EN PAROXETINE	tablet	10MG
1529	16 A 158	AMITRIPTYLINE CHLORHYDRATE	tablet	25MG
1530	16 A 159	SERTRALINE CHLORHYDRATE (EXPRIME EN SERTRALINE)	tablet	25MG
1531	16 A 165	ESCITALOPRAM OXALATE EXPRIME EN ESCITALOPRAM	syrup	20MG/ML
1532	16 A 186	ESKETAMINE	cream	28MG
1533	16 B 021	CLORAZEPATE DIPOTASSIQUE	other	20MG/2ML
1534	16 B 022	CLORAZEPATE DIPOTASSIQUE	other	50MG/2,5 ML
1535	16 B 023	CLORAZEPATE DIPOTASSIQUE	tablet	5MG
1536	16 B 024	CLORAZEPATE DIPOTASSIQUE	tablet	10MG
1537	16 B 025	DIAZEPAM	injection	10MG/2ML
1538	16 B 029	DIAZEPAM	syrup	1% (OU 10MG/ML)
1539	16 B 039	HYDROXYZINE	injection	50MG/ML
1540	16 B 040	HYDROXYZINE DICHLORHYDRATE	tablet	25 MG
1541	16 B 041	HYDROXYZINE DICHLORHYDRATE	tablet	100 MG
1542	16 B 042	LORAZEPAM	tablet	1MG
1543	16 B 043	LORAZEPAM	tablet	2,5MG
1544	16 B 078	PRAZEPAM	tablet	10MG
1545	16 B 079	HYDROXYZINE	syrup	2MG/ML
1546	16 B 080	PRAZEPAM	other	15MG/ML
1547	16 B 093	ETIFOXINE CHLORHYDRATE	tablet	50MG
1548	16 B 098	BROMAZEPAM	tablet	6MG
1549	16 C 051	MIDAZOLAM	injection	5MG/ML (15MG/3ML)
1550	16 C 095	ZOLPIDEM TARTRATE	tablet	10MG
1551	16 C 152	MIDAZOLAM	injection	1MG/ML (OU 5MG/5ML)
1552	16 C 174	MELATONINE	tablet	1MG
1553	16 D 053	CHLORPROMAZINE	injection	25MG/5ML
1554	16 D 054	CHLORPROMAZINE (CHLORHYDRATE) EXPRIME EN CHLORPROMAZINE	other	100MG
1555	16 D 055	CHLORPROMAZINE	syrup	0,04
1556	16 D 057	LEVOMEPROMAZINE	tablet	25MG
1557	16 D 058	LEVOMEPROMAZINE	tablet	100MG
1558	16 D 059	LEVOMEPROMAZINE CHLORHYDRATE EXPRIME EN LEVOMEPROMAZINE	syrup	4 %
1559	16 D 066	SULPIRIDE	tablet	50MG
1560	16 D 067	SULPIRIDE	syrup	25MG/5ML OU 0,5%
1561	16 D 083	FLUPHENAZINE DECANOATE	injection	25MG/ML
1562	16 D 084	HALOPERIDOL	injection	5MG/ML
1563	16 D 085	HALOPERIDOL	syrup	2MG/ML
1564	16 D 089	RISPERIDONE	tablet	1MG
1565	16 D 090	RISPERIDONE	tablet	2 MG
1566	16 D 091	RISPERIDONE	tablet	4MG
1567	16 D 092	RISPERIDONE	syrup	1MG/ML
1568	16 D 094	AMISULPRIDE	tablet	200MG
1569	16 D 099	OLANZAPINE	tablet	5MG
1570	16 D 100	OLANZAPINE	tablet	10MG
1571	16 D 101	OLANZAPINE	tablet	10MG
1572	16 D 103	ARIPIPRAZOLE	tablet	10MG
1573	16 D 104	ARIPIPRAZOLE	tablet	15MG
1574	16 D 110	ATOMOXETINE CHLORHYDRATE EXPRIME EN ATOMOXETINE	tablet	10MG
1575	16 D 111	ATOMOXETINE CHLORHYDRATE EXPRIME EN ATOMOXETINE	tablet	18MG
1576	16 D 112	ATOMOXETINE CHLORHYDRATE EXPRIME EN ATOMOXETINE	tablet	25MG
1577	16 D 113	ATOMOXETINE CHLORHYDRATE EXPRIME EN ATOMOXETINE	tablet	40 MG
1578	16 D 114	ATOMOXETINE CHLORHYDRATE EXPRIME EN ATOMOXETINE	cream	60MG** (ATOMOXETINE HYDROCHLORIDE 68,56MG)
1579	16 D 122	RISPERIDONE	tablet	3MG
1580	16 D 123	VENLAFAXINE** (SOUS FORME DE VENLAFAXINE CHLORHYDRATE)	tablet	37,5MG**
1581	16 D 124	VENLAFAXINE** (SOUS FORME DE VENLAFAXINE CHLORHYDRATE)	tablet	75MG**
1582	16 D 127	HALOPERIDOL** (SOUS FORME DE DECANOATE )	injection	50MG/ML**
1583	16 D 132	LOXAPINE SUCCINATE EXPRIME EN LOXAPINE	tablet	100MG
1584	16 D 134	LOXAPINE	syrup	25MG/ML
1585	16 D 142	RISPERIDONE	tablet	1MG
1586	16 D 143	RISPERIDONE	tablet	2MG
1587	16 D 145	RISPERIDONE	tablet	4MG
1588	16 D 146	LOXAPINE SUCCINATE EXPRIME EN LOXAPINE	tablet	25MG**
1589	16 D 147	LOXAPINE	injection	25MG/ML (OU 50MG/2ML)
1590	16 D 148	QUETIAPINE FUMARATE EXPRIME EN QUETIAPINE	tablet	25MG
1591	16 D 149	QUETIAPINE FUMARATE EXPRIME EN QUETIAPINE	tablet	100MG
1592	16 D 150	QUETIAPINE FUMARATE (QUETIAPINE)	tablet	200MG
1593	16 D 151	QUETIAPINE FUMARATE EXPRIME EN QUETIAPINE	tablet	300MG
1594	16 D 155	OLANZAPINE	tablet	5MG
1595	16 D 160	AMISULPRIDE	tablet	400 MG
1596	16 D 161	ARIPIPRAZOLE	tablet	20MG
1597	16 D 162	QUETIAPINE FUMARATE (QUETIAPINE)	tablet	50MG
1598	16 D 164	QUETIAPINE FUMARATE EXPRIME EN QUETIAPINE	tablet	200MG
1599	16 D 166	QUETIAPINE FUMARATE EXPRIME EN QUETIAPINE	tablet	50MG
1600	16 D 167	QUETIAPINE FUMARATE EXPRIME EN QUETIAPINE	tablet	150 MG
1601	16 D 169	QUETIAPINE FUMARATE EXPRIME EN QUETIAPINE	tablet	300 MG
1602	16 D 170	ARIPIPRAZOLE	tablet	10MG
1603	16 D 171	ARIPIPRAZOLE	tablet	15MG
1604	16 D 172	PALMIRATE DE PALIPERIDONE EXPRIME EN PALIPERIDONE	other	100MG/ML
1605	16 D 173	ARIPIPRAZOLE	syrup	1MG/ML
1606	16 D 175	ARIPIPRAZOLE	other	400 MG
1607	16 D 176	OLANZAPINE	tablet	15MG
1608	16 D 177	LURASIDONE HYDROCHLORIDE	tablet	40MG
1609	16 D 178	LURASIDONE HYDROCHLORIDE	tablet	80MG
1610	16 D 179	LURASIDONE HYDROCHLORIDE	tablet	20MG
1611	16 D 182	LURASIDONE HYDROCHLORIDE	tablet	120MG
1612	16 D 183	OLANZAPINE	tablet	20MG
1613	16 D 185	PALMITATE DE PALIPERIDONE	injection	312MG/ML
1614	16 E 230	CANDESSARTAN CILEXETIL / HYDROCHLOROTHIAZIDE	tablet	8MG/12.5 MG
1615	16 E 231	CANDESARTAN CILEXETIL / HYDROCHLOROTHIAZIDE	tablet	16 MG/12.5 MG
1616	16 F 085	HALOPERIDOL	other	2MG/ML
1617	16 G 163	BROMO-GALACTOGLUCONATE DE CALCIUM	tablet	2G
1618	17 A 001	OXYBUPROCAINE	cream	0,4%
1619	17 B 003	CROMOGLYCATE DE SODIUM	cream	0,02
1620	17 B 100	ACIDE N ACETYL ASPARTYL GLUTAMIQUE	cream	4.9G /100ML
1621	17 B 109	CHLORHYDRATE DE LEVOCABASTINE EXPRIME EN LEVOCABASTINE	cream	0,0005
1622	17 B 120	ANTAZOLINE (SULFATE)/NAPHAZOLINE (NITRATE)	cream	5MG/0,25MG/ML
1623	17 B 150	OLOPATADINE (SOUS FORME DE CHLORHYDRATE)	cream	1MG/ML (OU 5MG/5ML)
1624	17 B 171	KETOTIFENE HYDROGENOFUMARATE EXPRIME EN KETOTIFENE	cream	0,25MG/ML
1625	17 C 006	BETAXOLOL CHLORHYDRATE EXPRIME EN BETAXOLOL	cream	5MG/ML
1626	17 C 007	CARTEOLOL	cream	0,01
1627	17 C 009	PILOCARPINE	cream	0,01
1628	17 C 010	PILOCARPINE	cream	0,02
1629	17 C 012	TIMOLOL MALEATE EXPRIME EN TIMOLOL	cream	0,0025
1630	17 C 013	TIMOLOL MALEATE EXPRIME EN TIMOLOL	cream	0,005
1631	17 C 101	CARTEOLOL	cream	0,02
1632	17 C 121	DORZOLAMIDE CHLORHYDRATE EXPRIME EN DORZOLAMIDE	cream	2% (20MG/ML)
1633	17 C 127	LATANOPROST	cream	0,005% (OU 50µG/ML)
1634	17 C 139	TRAVOPROST	cream	40µG/ML
1635	17 C 140	BRINZOLAMIDE	cream	10MG/ML
1636	17 C 141	DORZOLAMIDE CHLORHYDRATE EXPRIME EN DORZOLAMIDE/TIMOLOL MALEATE EXPRIME EN TIMOLOL	cream	20MG/5MG/ML
1637	17 C 146	CHLORHYDRATE DE CARTEOLOL	cream	0,01
1638	17 C 147	CHLORHYDRATE DE CARTEOLOL	cream	0,02
1639	17 C 162	LATANOPROST/TIMOLOL	cream	0,05MG/ML 5MG/ML
1640	17 C 170	TIMOLOL MALEATE EXPRIME EN TIMOLOL	cream	1MG/G
1641	17 C 177	BIMATOPROST	cream	0,1MG/ML
1642	17 C 178	BIMATOPROST	cream	0,3MG/ML
1643	17 D 015	CHLORAMPHENICOL	cream	0,004
1644	17 D 017	CHLORTETRACYCLINE	cream	0,01
1645	17 D 020	GENTAMICINE**	cream	3MG/ML
1646	17 D 021	GENTAMICINE (SOUS FORME DE SULFATE)	cream	0,003
1647	17 D 022	NEOMYCINE	cream	0,35%
1648	17 D 024	DEXAMETHASONE PHOSPHATE/NEOMYCINE SULFATE	cream	100MG/350000UI/100ML
1649	17 D 027	NEOMYCINE/POLYMYXINE B	cream	3 400UI/10 000UI
1650	17 D 028	NEOMYCINE SULFATE/TRIAMCINOLONE ACETONIDE	cream	0,35 %/0,1 %
1651	17 D 029	NORFLOXACINE	cream	0,3% (OU 3MG/ML)
1652	17 D 033	RIFAMYCINE	cream	1 000 000 UI/100ML
1653	17 D 034	RIFAMYCINE (SODIQUE)	cream	1000 000UI/100G (OU 1%)
1654	17 D 104	ACIDE FUSIDIQUE	cream	0,01
1655	17 D 108	FRAMYCETINE/DEXAMETHASONE	cream	630.000UI/100MG/100ML
1656	17 D 117	DEXAMETHASONE/OXYTETRACYCLINE	cream	0,267MG/1,335MG/RECIPIENT UNIDOSE
1657	17 D 122	TOBRAMYCINE	cream	0,003
1658	17 D 125	FRAMYCETINE/DEXAMETHASONE	cream	315 000 UI/0,1G/100G
1659	17 D 129	NEOMYCINE/POLYMYXINE B	cream	340 000UI/1 000 000 UI/100G
1660	17 D 131	CIPROFLOXACINE SOUS FORME D' HDROCHLORIDE MONOHYDRATE	cream	0.3%
1661	17 D 138	INDOMETACINE/GENTAMICINE	cream	5MG/15 000UI/5ML
1662	17 D 144	BETAMETHASONE SODIUM PHOSPHATE/NEOMYCINE SULFATE	cream	1MG/5MG/ML
1663	17 D 151	CIPROFLOXACINE CHLORHYDRATE EXPRIME EN CIPROFLOXACINE	cream	0,003
1664	17 D 155	GATIFLOXACINE** (SOUS FORME DE GATIFLOXACINE SESQUIHYDRATE)	cream	0,3% ( 3mg/ml)
1665	17 D 157	OFLOXACINE	cream	0,3% ( 3mg/ml)
1666	17 D 159	TOBRAMYCINE/DEXAMETHASONE	cream	0,3%/0,1%
1667	17 D 164	AZITHROMYCINE DIHYDRATEE EXPRIMEE EN AZITHROMYCINE	cream	15 MG/G
1668	17 D 172	OXYTETRACYCLINE CHLORHYDRATE/DEXAMETHASONE	cream	0,5%/0,1%
1669	17 D 176	OFLOXACINE	cream	3MG/ML
1670	17 D 182	BESIFLOXACINE	cream	0,6% (0,6 MG/ML)
1671	17 D 188	LEVOFLOXACINE HEMIHYDRATE	cream	5MG/ML
1672	17 E 037	ACIDE BORIQUE/BORATE DE SODIUM	other	1,8%/1,2%
1673	17 E 119	PICLOXYDINE CHLORHYDRATE	cream	0,0005
1674	17 E 158	HEXAMIDINE (SOUS FORME DE DI-ISETHIONATE)**	cream	0,1%**
1675	17 F 042	ACICLOVIR	cream	3% (OU 30MG/G)
1676	17 G 048	DEXAMETHASONE/NEOMYCINE SULFATE/POLYMYXINE B SULFATE	cream	1MG/3500UI/6000UI
1677	17 G 051	HYDROCORTISONE	cream	0,01
1678	17 G 054	TRIAMCINOLONE ACETONIDE	cream	0,001
1679	17 G 110	DEXAMETHASONE/NEOMYCINE SULFATE/POLYMYXINE B SULFATE	cream	0,1G/350000UI/600000UI/100G
1680	17 G 134	FLUOROMETHOLONE	cream	0,001
1681	17 G 142	PREDNISOLONE	cream	0,005
1682	17 G 143	BETAMETHASONE SODIUM PHOSPHATE	cream	1MG/ML
1683	17 G 167	PREDNISOLONE  SOUS FORME D'ACETATE	cream	0,01
1684	17 G 168	DEXAMETHASONE/OFLOXACINE	cream	1MG/3MG
1685	17 G 173	DEXAMETHASONE PHOSPHATE SODIQUE EXPRIME EN DEXAMETHASONE PHOSPHATE	cream	1MG/ML
1686	17 G 180	ETABONATE DE LOTEPREDNOL	cream	0.005
1687	17 G 181	DEXAMETHASONE	injection	700µG
1688	17 H 057	ATROPINE	cream	0,005
1689	17 H 058	ATROPINE SULFATE EXPRIME EN ATROPINE	cream	0,01
1690	17 H 059	CYCLOPENTOLATE	cream	0,005
1691	17 H 061	PHENYLEPHRINE	cream	0,1
1692	17 H 062	TROPICAMIDE	cream	0,005
1693	17 H 175	CYCLOPENTOLATE CHLORHYDRATE	cream	10MG/ML(1 %)
1694	17 J 066	INDOMETACINE	cream	0,001
1695	17 J 118	DICLOFENAC SODIQUE	cream	1MG/ML
1696	17 J 183	NEPAFENAC	cream	0.003
1697	17 J 190	KETOROLAC TROMETAMOL	cream	0,5MG/ML
1698	17 K 075	NANDROLONE	cream	0,01
1699	17 K 078	RETINOL	cream	150 000UI
1700	17 K 133	CARBOMERE 980	cream	0,002
1701	17 K 137	VERTEPORFINE	injection	15MG
1702	17 L 082	ACIDE ASCORBIQUE/VITAMINE E/RUTOSIDE	tablet	200MG/50MG/200MG
1703	17 M 186	MERCAPTAMINE	cream	3,8 mg/ml
1704	17 N 133	CARBOMERE 980	cream	0,2% (OU 2MG/G)
1705	17 N 160	HYALURONATE DE SODIUM	cream	0,2% (OU 2MG/ML)
1706	17 N 163	HYPROMELLOSE	cream	3,20MG/ML
1707	17 N 169	POVIDONE	cream	0,015
1708	17 N 189	CICLOSPORINE	cream	0.0005
1709	17 P 161	RANIBIZUMAB	injection	10MG/ML (2,3MG/0,23ML)
1710	17 P 174	AFLIBERCEPT	injection	40 MG/ML
1711	17 P 187	FARICIMAB	injection	120MG/ML
1712	17 R 166	FLUOROMETHOLONE/CROMOGLYCATE DE SODIUM	cream	1MG/20MG**/ML
1713	18 A 002	RIFAMYCINE SODIQUE	other	2,6G/100ML
1714	18 A 026	CIPROFLOXACINE CHLORHYDRATE EXPRIME EN CIPROFLOXACINE	cream	2MG/ML (1MG/0,5ML)
1715	18 B 004	FLUOCINOLONE ACETONIDE/ NEOMYCINE SULFATE/POLYMYXINE B SULFATE	other	0,025%/0,35%/1 000 000UI/10ML
1716	18 B 022	NEOMYCINE SULFATE/POLYMYXINE B SULFATE/DEXAMETHASONE METASULFOBENZOATE SODIQUE	other	650.000UI/1000.000UI/0,100G/100ML
1717	18 B 023	POLYMYXINE/NEOMYCINE/ACETATE DE FLUDROCORTISONE/LIDOCAINE CHLORHYDRATE	other	1000 000UI/1G/0,1G/4G
1718	18 C 005	N-ACETYL- DL- LEUCINE	injection	500MG/5ML
1719	18 C 006	N-ACETYL- DL- LEUCINE	tablet	500MG
1720	18 C 007	BETAHISTINE DICHLORHYDRATE	tablet	8MG
1721	18 C 019	GINKGO BILOBA	syrup	40MG/ML
1722	18 C 021	GINKGO (GINKGO BILOBA ) EXTRAIT QUANTIFIE	tablet	40MG
1723	18 C 024	BETAHISTINE DICHLORHYDRATE	tablet	24MG
1724	18 C 025	BETAHISTINE DICHLORHYDRATE	tablet	16MG
1725	18 D 015	RESORCINOL/EPHEDRINE (CHLORHYDRATE)	other	0,001
1726	18 D 016	XYLENE	other	5G/100G
1727	18 D 020	PHENAZONE/CHLORHYDRATE DE LIDOCAINE	other	4G/1G
1728	18 D 028	DOCUSATE DE SODIUM	cream	0,5 G/100 ML ( 0,05G/10 ML)
1729	19 B 004	FLUBENDAZOLE	tablet	100MG
1730	19 B 005	FLUBENDAZOLE	syrup	100MG/5ML (2%)
1731	19 B 006	MEBENDAZOLE	tablet	100MG
1732	19 B 007	MEBENDAZOLE	syrup	100MG/5ML
1733	19 B 010	PYRANTEL	tablet	125MG
1734	19 B 011	PYRANTEL	syrup	125MG/2,5ML
1735	19 B 028	EMBONATE DE  PYRANTEL	tablet	250MG
1736	19 B 030	ALBENDAZOLE	tablet	400MG
1737	19 B 034	ALBENDAZOLE	syrup	0.4G/10ML
1738	19 C 032	ARTESUNATE	injection	60 MG
1739	19 C 033	CHLOROQUINE PHOSPHATE	tablet	500MG
1740	19 D 024	MEGLUMINE ANTIMONIATE	injection	1,5G/5ML
1741	19 D 026	TINIDAZOLE	tablet	500MG
1742	20 A 003	BECLOMETASONE	other	250µG/BOUFFEE
1743	20 A 004	BECLOMETASONE DIPROPIONATE	cream	50µG/DOSE
1744	20 A 012	KETOTIFENE FUMARATE EXPRIME EN KETOTIFENE	injection	1MG
1745	20 A 013	KETOTIFENE** (SOUS FORME DE FUMARATE)	syrup	1MG/5ML
1746	20 A 014	SALBUTAMOL	injection	0,5MG/ML
1747	20 A 015	SALBUTAMOL	tablet	2MG
1748	20 A 016	SALBUTAMOL SULFATE EXPIRIME EN SALBUTAMOL	syrup	2MG/5ML OU 0,40MG/ML
1749	20 A 017	SALBUTAMOL SULFATE EXPERIME EN SALBUTAMOL	other	100µG/BOUFFEE
1750	20 A 018	SALBUTAMOL SULFATE EXPRIME EN SALBUTAMOL	other	5MG/ML
1751	20 A 020	TERBUTALINE SULFATE	injection	0,5MG/ML
1752	20 A 024	THEOPHYLLINE	tablet	200MG
1753	20 A 044	BUDESONIDE	other	200µG/DOSE
1754	20 A 046	IPRATROPIUM BROMURE	other	0,25MG/2ML
1755	20 A 047	IPRATROPIUM BROMURE	other	0,50MG/2ML
1756	20 A 048	TERBUTALINE SULFATE	tablet	5MG
1757	20 A 049	TERBUTALINE SULFATE	syrup	30 MG/100ML
1758	20 A 072	BECLOMETASONE	other	50µG/BOUFFEE
1759	20 A 077	FLUTICASONE PROPIONATE	other	50µG/DOSE
1760	20 A 078	FLUTICASONE PROPIONATE	other	125µG/DOSE
1761	20 A 079	FLUTICASONE PROPIONATE	other	250µG/DOSE
1762	20 A 081	BUDESONIDE	other	0,5MG/2ML
1763	20 A 082	BUDESONIDE	other	1MG/2ML
1764	20 A 089	BUDESONIDE	tablet	200µG/DOSE
1765	20 A 091	FORMOTEROL FUMARATE	other	12µG
1766	20 A 104	FLUTICASONE PROPIONATE/SALMETEROL XINAFOATE EXPRIME EN SALMETEROL	other	100µG/50µG/DOSE
1767	20 A 105	FLUTICASONE PROPIONATE/SALMETEROL XINAFOATE EXPRIME EN SALMETEROL	other	250µG/50µG/DOSE
1768	20 A 106	FLUTICASONE PROPIONATE/SALMETEROL XINAFOATE EXPRIME EN SALMETEROL	other	500µG/50µG/DOSE
1769	20 A 211	MONTELUKAST SOUS FORME SODIQUE	tablet	10MG
1770	20 A 225	MONTELUKAST SODIQUE EXPRIME EN MONTELUKAST	tablet	4MG
1771	20 A 226	MONTELUKAST SODIQUE EXPRIME EN MONTELUKAST	tablet	5MG
1772	20 A 234	TIOTROPIUM / TIOTROPIUM BROMURE MONOHYDRATE	tablet	18UG/22,5UG
1773	20 A 238	BUDESONIDE	tablet	400µG/DOSE
1774	20 A 239	FORMOTEROL FUMARATE	other	12µG/DOSE
1775	20 A 241	SALBUTAMOL SULFATE/BROMURE D'IPRATROPIUM ANHYDRE	other	200µG/40µG
1776	20 A 242	SALBUTAMOL SULFATE EXPRIME EN SALBUTAMOL	other	200µG/GLE.
1777	20 A 245	MONTELUKAST SODIQUE EXPRIME EN MONTELUKAST	tablet	4MG/SACHET-DOSE
1778	20 A 246	OMALIZUMAB	injection	150MG/FL
1779	20 A 253	SULFATE DE SALBUTAMOLE	other	5MG/2,5ML
1780	20 A 256	BROMURE D'UMECLIDINIUM/VILANTEROL	other	65µG/22µG
1781	20 B 053	CODEINE CAMPHOSULFONATE	syrup	0,1722G/100ML (CODEINE BASE 15,4MG/CUILLERE A SOUPE)
1782	20 B 054	CODEINE CAMPHOSULFONATE EXPRIME EN CODEINE/BENZOATE DE SODIUM	syrup	3,285MG/61MG/5ML
1783	20 B 069	CODEINE	tablet	25MG
1784	20 B 102	DEXTROMETHORPHANE BROMHYDRATE/MEPYRAMINE MALEATE	syrup	0,2G/0,2G/100ML
1785	20 B 103	DEXTROMETHORPHANE BROMHYDRATE/ MEPYRAMINE MALEATE/GUAÏFENESINE	syrup	0,1G/0,1G/0,4G/100ML
1786	20 B 110	PHOLCODINE	syrup	0,0012
1787	20 B 203	CODEINE/EXTRAIT FLUIDE D'ERYSIUM	syrup	11,8MG/443MG/15ML
1788	20 B 206	DEXTROMETHORPHANE BROMHYDRATE	syrup	0,002
1789	20 B 207	DEXTROMETHORPHANE BROMHYDRATE	syrup	0,1G/100ML (OU 5MG/5ML)
1790	20 B 240	DEXTROMETHORPHANE BROMHYDRATE	syrup	0,133G/100ML (OU 20MG/15ML )
1791	20 C 034	OXELADINE	syrup	10 MG/5ML
1792	20 C 036	BENZOATE DE SODIUM/TEINTURE DE GRINDELIA/SIROP DE POLYGALA	syrup	74,1MG/30,8MG/32,964MG/CUILLERE A CAFE
1793	20 C 055	OXOMEMAZINE	syrup	1MG/ML
1877	21 G 066	ACIDE ALENDRONIQUE MONOSODIQUE TRIHYDRATE EXPRIME EN ACIDE ALENDRONIQUE/COLECALCIFEROL	tablet	70MG/5600UI
1794	20 C 099	OCIMUM SANCTUM/GLYCERRHIZA GLABRA/CURCUMA LONGA/ZINGIBER OFFICINAL/ADHATODA VASICA/SOLANUM INDICUM/INULA RACEMOSA /PIPER CUBEBA/TERMINALIA BELERICA/ALOE BARBADENSIS/MENTHOL	syrup	100MG/60MG/50MG/10MG/60MG/20MG/20MG/10MG/20MG/50MG/06MG par 10ML
1795	20 C 100	TENOATE DE SODIUM/HUILE ESSENTIELLE D'EUCALYPTUS	cream	0,095G/0,044G
1796	20 C 111	PHOLCODINE	syrup	0,06%
1797	20 C 114	PARACETAMOL/HUILE ESSENTIELLE DE PIN DE SYLVESTRE	cream	150MG/20MG
1798	20 C 115	PARACETAMOL/HUILE ESSENTIELLE DE PIN DE SYLVESTRE	cream	300MG/30MG
1799	20 C 116	PARACETAMOL/HUILE ESSENTIELLE DE PIN DE SYLVESTRE	cream	600MG/40MG
1800	20 C 117	TENOATE DE SODIUM/HUILE ESSENTIELLE D'EUCALYPTUS	cream	0,285G/0,110G
1801	20 C 118	TENOATE DE SODIUM/HUILE ESSENTIELLE D'EUCALYPTUS/PARACETAMOL	cream	0,065G/0,044G/0,150G
1802	20 C 119	TENOATE DE SODIUM/HUILE ESSENTIELLE D'EUCALYPTUS/PARACETAMOL	cream	130MG/75MG/300MG
1803	20 C 200	TENOATE DE SODIUM/HUILE ESSENTIELLE D'EUCALYPTUS/PARACETAMOL	cream	0,200G/0,110G/0,450G
1804	20 C 202	PHOLCODINE/EXTRAIT FLUIDE D'ERYSIMUM	syrup	1MG/29,6MG
1805	20 C 205	TENOATE DE SODIUM/HUILE ESSENTIELLE D'EUCALYPTUS	cream	0,190G/0,075G
1806	20 C 206	DEXTROMETHORPHANE BROMHYDRATE	syrup	0,2%
1807	20 C 207	DEXTROMETHORPHANE BROMHYDRATE	syrup	0,1%
1808	20 C 214	GUAIFENESINE (DCI)/BENZOATE DE SODIUM/TERPINE/EUCALYPTOL	syrup	30MG/300MG/37,5MG/1,5MG/15ML
1809	20 C 223	OXOMEMAZINE	syrup	0,33MG/ML
1810	20 C 233	BUTAMIRATE CITRATE	syrup	1,5MG/ML
1811	20 D 041	CARBOCISTEINE	syrup	0.02
1812	20 D 042	CARBOCISTEINE	syrup	0.05
1813	20 D 064	CHLORHYDRATE D'AMBROXOL	syrup	0,003
1814	20 D 083	N-ACETYLCYSTEINE	tablet	200MG
1815	20 D 108	CARBOCITEINE	syrup	0,05
1816	20 D 201	CARBOCYSTEINE	tablet	375MG
1817	20 D 204	BROMHEXINE CHLORHYDRATE	syrup	10MG/5ML
1818	20 D 208	CARBOCYSTEINE	syrup	0,02
1819	20 D 231	ACETYLCYSTEINE OU N ACETYLCYSTEINE	tablet	200MG
1820	20 D 232	MEGLUMINE (BENZOATE ANHYDRE)/POLYSORBATE 20	syrup	130MG/15MG/5ML
1821	20 E 043	BALSAMIQUES POUR INHALATION	other	
1822	20 E 070	BALSAMIQUES POUR INHALATION	other	0,01
1823	20 E 071	BALSAMIQUES POUR INHALATION	other	0,04
1824	20 E 076	BALSAMIQUES POUR INHALATION	cream	
1825	20 F 044	BUDESONIDE DIPROPIONATE	other	200µG/DOSE
1826	20 F 104	FLUTICASONE (SOUS FORME DE PROPIONATE)**/SALMETEROL**(SOUS FORME DE XINAFOATE)	tablet	100µG/50µG
1827	20 F 105	FLUTICASONE PROPIONATE/SALMETEROL XINAFOATE EXPRIME EN SALMETEROL	tablet	250µG/50µG
1828	20 F 106	FLUTICASONE PROPIONATE/SALMETEROL XINAFOATE EXPRIME EN SALMETEROL	tablet	500µG/50µG
1829	20 F 228	BUDESONIDE/FORMOTEROL	other	100µG/6µG/DOSE
1830	20 F 229	BUDESONIDE/FORMOTEROL	other	200µG/6µG/DOSE
1831	20 F 230	BUDESONIDE/FORMOTEROL	tablet	400µG/12µG/DOSE
1832	20 F 236	BUDESONIDE/FORMOTEROL	other	100µG/6µG/DOSE
1833	20 F 237	BUDESONIDE/FORMOTEROL	other	200µG/6µG/DOSE
1834	20 F 244	BECLOMETASONE DIPROPIONATE/FORMOTEROL FUMARATE DIHYDRATE	other	100µG/6µG
1835	20 F 252	DIPROPIONATE DE BECLOMETASONE ANHYDRE/FUMARATE DE FORMOTEROL DIHYDRATE	other	100MG/6MG
1836	20 F 255	FORMOTEROL/ GLYCOPYRRONIUM/ BUDESONIDE	other	5µg/7,2µg/160µg
1837	20 G 248	BERACTANT	other	25 MG/ML
1838	20 G 250	CALFACTANT	other	35MG/ML
1839	20 G 254	PORACTANT ALFA	other	80MG/ML
1840	21 A 001	ACIDE NIFLUMIQUE	cream	0,03
1841	21 A 003	DEXAMETHASONE ACETATE/SALICYLAMIDE/SALICYLATE D'HYDROXYETHYLE	cream	0,005%/2%/10%
1842	21 A 004	DICLOFENAC DIETHYLAMINE EXPRIME EN DICLOFENAC SODIQUE	cream	0,01
1843	21 A 005	PIROXICAM	cream	0,005
1844	21 A 031	ACIDE NIFLUMIQUE	cream	0,025
1845	21 A 032	KETOPROFENE	cream	0,025
1846	21 A 035	DEXAMETHASONE / SALICYLAMIDE /SALICYLATE D''HYDROXYETHYLE	other	0,05%/8,5%/10%
1847	21 A 057	IBUPROFENE	cream	5% ( 5G/100 G )
1848	21 A 069	IBUPROFENE/LEVOMENTHOL	cream	5G/3G POUR 100G
1849	21 A 071	DICLOFENAC DIETHYLAMINE EXPRIME EN DICLOFENAC SODIQUE	cream	0,02
1850	21 B 007	ALLOPURINOL	tablet	100 MG
1851	21 B 008	ALLOPURINOL	tablet	300MG
1852	21 B 009	COLCHICINE	tablet	1MG
1853	21 B 074	FEBUXOSTAT	tablet	80 MG
1854	21 B 075	FEBUXOSTAT	tablet	120 MG
1855	21 B 076	FEBUXOSTAT	tablet	40 MG
1856	21 C 012	CALCITONINE SYNTHETIQUE DE SAUMON	injection	100UI/ML
1857	21 C 034	PAMIDRONATE SODIUM	injection	90MG/FL.
1858	21 C 041	ACIDE RISEDRONIQUE SEL MONOSODIQUE	tablet	30MG
1859	21 D 020	HYDROXYCHLOROQUINE SULFATE	tablet	200MG
1860	21 D 040	RISEDRONATE MONOSODIQUE	tablet	5MG
1861	21 D 042	LEFLUNOMIDE	tablet	10MG
1862	21 D 043	LEFLUNOMIDE	tablet	20MG
1863	21 D 044	LEFLUNOMIDE	tablet	100MG
1864	21 D 046	ACIDE RISEDRONIQUE SEL MONOSODIQUE	tablet	35MG
1865	21 E 025	BACLOFENE	tablet	10MG
1866	21 E 060	TOLPERISONE CHLORHYDRATE	tablet	150MG
1867	21 E 070	THIOCOLCHICOSIDE	tablet	4MG
1868	21 E 072	METHOCARBAMOL	tablet	500 MG
1869	21 E 073	IBUPROFENE / METHOCARBAMOL	tablet	200MG/500MG
1870	21 F 048	LEVOMENTHOL/VERATROLE/RESORCINOL/ACIDE SALICYLIQUE	cream	260MG/125MG/15MG/50MG/50G
1871	21 F 056	CAMPHRE	cream	0,04
1872	21 G 049	RANELATE DE STRONTIUM	tablet	2G/SACHET
1873	21 G 050	ALENDRONATE MONOSODIQUE TRIHYDRATE EXPRIME EN ACIDE ALENDRONIQUE	tablet	70MG
1874	21 G 054	RALOXIFENE CHLORHYDRATE	tablet	60MG
1875	21 G 055	TERIPARATIDE	injection	20UG/80UL
1876	21 G 065	DENOSUMAB	injection	60MG/ML
1878	21 H 037	INSAPONIFIABLE D'HUILE D'AVOCAT/ INSAPONIFIABLE D'HUILE DE SOJA	tablet	100MG/200MG (TOTAL 300MG D'INSAPONIFIABLES AVOCAT-SOJA)
1879	21 H 051	SULFATE DE CHONDROÏTINE SODIQUE	tablet	500MG
1880	21 J 042	LEFLUNOMIDE	tablet	10MG
1881	21 J 043	LEFLUNOMIDE	tablet	20MG
1882	21 J 044	LEFLUNOMIDE	tablet	100MG
1883	21 J 058	ADALIMUMAB	injection	40MG/0.8ML
1884	21 J 059	METHOTREXATE DISODIQUE EXPRIME EN METHOTREXATE	injection	10MG/ML** (OU 7,5MG/0,75ML - 10MG/ML - 15MG/1,5ML - 20MG/2ML)
1885	21 J 062	ETANERCEPT	injection	50MG
1886	21 J 063	ETANERCEPT	injection	25MG/0.5MG
1887	21 J 068	TOCILIZUMAB	injection	20MG/ML/FLACON
1888	21 J 069	TOCILIZUMAB	cream	180 MG/ML
1889	21 J 078	ETANERCEPT	injection	50MG
1890	22 A 001	TRIPROLIDINE CHLORHYDRATE/PSEUDOEPHEDRINE CHLORHYDRATE/PARACETAMOL	tablet	2,5MG/50MG/300MG
1891	22 A 002	TRIPROLIDINE (SOUS FORME DE CHLORHYDRATE)** /PSEUDOEPHEDRINE (SOUS FORME DE CHLORHYDRATE)**/PARACETAMOL	syrup	1,25MG/25MG/125MG/5ML
1892	22 A 029	PARACETAMOL/PSEUDOEPHEDRINE (SOUS FORME DE CHLORHYDRATE)** ET PARACETAMOL/CHLORPHENIRAMINE(SOUS FORME DE MALEATE)**	tablet	500MG/60MG** (COMP.) ET 500MG/04MG** (GLES.)
1893	22 A 032	PARACETAMOL/ACIDE ASCORBIQUE/PHENIRAMINE MALEATE	tablet	280 MG/100MG/10 MG
1894	22 A 033	PARACETAMOL/ACIDE ASCORBIQUE/MALEATE DE PHENIRAMINE	tablet	500MG/200MG/25MG
1895	22 A 034	PARACETAMOL/MALEATE DE PHENIRAMINE/PHENYLEPHRINE HYDROCHLORIDE/CAFEINE	syrup	750MG/20MG/10MG/30MG
1896	22 A 035	DIPHENHYDRAMINE HYDROCHLORIDE/DEXTROMETHORPHANE HYDROBROMIDE/PSEUDOEPHEDRINE HYDROCHLORIDE/AMMONIUM CHLORIDE/SODIUM CITRATE/MENTHOL	syrup	12,5MG/15MG/30MG/125MG/57MG/1MG/5ML
1897	22 A 041	PARACETAMOL/PSEUDOEPHEDRINE CHLORHYDRATE COMP. DE JOUR ET PARACETAMOL/DIPHENHYDRAMINE CHLORHYDRATE COMP. DE NUIT	tablet	500MG/60MG COMP. DE JOUR ET 500MG/25MG COMP. DE NUIT
1898	22 A 042	PARACETAMOL/CAFEINE/PHENYLEPHRINE CHLORHYDRATE	tablet	500MG/25MG/5MG
1899	22 A 043	IBUPROFENE/PSEUDOEPHEDRINE CHLORHYDRATE	tablet	200MG/30MG
1900	22 A 044	PARACETAMOL/PSEUDOEPHEDRINE CHLORHYDRATE /TRIPROLIDINE CHLORHYDRATE	tablet	500MG/60MG**/2,5MG**
1901	22 A 046	PARACETAMOL/MALEATE DE CHLORPHENIRAMINE	tablet	500MG/4MG
1902	22 A 047	PHENYLEPHRINE CHLORHYDRATE/CHLORPHENIRAMINE MALEATE	tablet	10 MG/4MG
1903	22 A 049	PARACETAMOL/CHLORPHENAMINE MALEATE	tablet	500MG/4MG
1904	22 B 004	THIOPHENE (SOUS FORME DE CARBOXYLATE DE SODIUM)	cream	0,02
1905	22 B 031	ACETYLCYSTEINE/TUAMINOHEPTANE/CHLORURE DE BENZALKONIUM	cream	100MG/50MG/1,25MG/10ML
1906	22 C 006	CROMOGLYCATE DE SODIUM	cream	0,02
1907	22 E 014	FRAMYCETINE	other	0,0125
1908	22 E 015	FRAMYCETINE**/HYDROCORTISONE (SOUS FORME DE FRAMYCETINE SULFATE/HYDROCORTISONE)	cream	1,25G**/0,1G/100ML
1909	22 E 024	BICLOTYMOL/LYSOZYME/ENOXOLONE	tablet	5MG/5MG/5MG
1910	22 E 027	FLUTICASONE PROPIONATE	other	50µG/DOSE
1911	22 E 028	TRIAMCINOLONE ACETONIDE	cream	55µG/DOSE
1912	22 E 030	DIPROPIONATE	cream	100 UG/DOSE
1913	22 E 036	FUROATE DE MOMETASONE MONOHYDRATE EXPRIME EN FUROATE DE MOMETASONE ANHYDRE	cream	50µG/DOSE
1914	22 E 045	FLUTICASONE FUROATE	cream	27,50µG/DOSE
1915	22 F 018	OXYMETAZOLINE (SOUS FORME DE CHLORHYDRATE)**	cream	0,5MG/ML** (OU 0,05%)
1916	22 F 038	ACIDE N-ACETYL ASPARTYL GLUTAMIQUE,SEL DE MAGNESIUM	cream	6G/100ML
1917	22 F 039	BUDESONIDE	cream	64µG/DOSE
1918	22 G 048	AZELASTINE CHLORHYDRATE/QTE CORRESPONDANT EN AZELASTINE BASE	other	0.1000G/0.0910 POUR 100ML DE SOLUTION/UNE DOSE DE 0.14ML DELIVRE 0.127MG D'AZELASTINE BASE
1919	23 B 012	HEXETIDINE	other	0,1%
1920	23 B 018	AMYLEINE CHLORAL	injection	0,75G/100G
1921	23 B 020	BICLOTYMOL	cream	750MG/30G (0,75G/30G)
1922	23 B 023	HEXETIDINE/SALICYLATE DE CHOLINE/CHLORBUTANOL HEMIHYDRATEE	other	0,1G/0,5G/0,25G**/100ML
1923	23 B 038	CHLORURE DE BENZALKONIUM/CHLORHYDRATE DE LIDOCAINE	cream	0,030G/0,300G/100ML
1924	23 B 039	CHLORHEXIDINE** (SOUS FORME DE DIGLUCONATE)	cream	0,002
1925	23 B 040	CETYLPYRIDINIUM CHLORURE/LYSOSYME CHLORHYDRATE	tablet	1,5MG/20MG
1926	23 D 037	MICONAZOLE	cream	2G%
1927	24 B 016	NALOXONE CHLORHYDRATE ANHYDRE	injection	0,4MG/ML
1928	24 D 004	DEFEROXAMINE	other	500MG/7,5ML
1929	24 D 017	DEFERASIROX	tablet	125MG
1930	24 D 018	DEFERASIROX	tablet	250MG
1931	24 D 019	DEFERASIROX	tablet	500MG
1932	24 D 022	DEFERIPRONE	tablet	250MG
1933	24 D 023	DEFERIPRONE	tablet	500MG
1934	25 B 006	SERENOA REPENS	tablet	160MG
1935	25 B 022	ALFUZOSINE CHLORHYDRATE	tablet	5MG
1936	25 B 023	FINASTERIDE	tablet	5MG
1937	25 B 041	DOXAZOSINE MESILATE EXPRIME EN DOXAZOSINE	tablet	1MG
1938	25 B 042	DOXAZOSINE MESILATE EXPRIME EN DOXAZOSINE	tablet	2MG
1939	25 B 043	DOXAZOSINE MESILATE (DOXAZOSINE)	tablet	4MG
1940	25 B 047	TAMSULOSINE CHLORHYDRATE	tablet	0,4MG
1941	25 B 057	ALFUZOSINE CHLORHYDRATE	tablet	10MG
1942	25 B 061	DOXAZOSINE	tablet	4MG
1943	25 B 067	DOXAZOSINE MESILATE EXPRIME EN DOXAZOSINE	tablet	8MG
1944	25 D 008	OXYBUTYNINE CHLORHYDRATE	tablet	5MG
1945	25 E 014	NITROXOLINE	tablet	50MG
1946	25 E 015	NITROXOLINE	tablet	100MG
1947	25 E 058	FOSFOMYCINE	tablet	3G/SACHET
1948	25 F 094	TOLVAPTAN	tablet	15MG
1949	25 F 095	TOLVAPTAN	tablet	15MG+45MG
1950	25 F 096	TOLVAPTAN	tablet	30MG+90MG
1951	25 G 018	DIALYSE EN POCHE ISOTONIQUE	other	15G DE GLUCOSE/LITRE
1952	25 G 019	DIALYSE EN POCHE LIQUIDE HYPERTONIQUE	other	42,5G DE GLUCOSE/LITRE
1953	25 G 020	CONCENTRE ACIDE POUR HEMODIALYSE AU BICARBONATE LIQUIDE	other	
1954	25 G 048	CONCENTRE ACIDE POUR HEMODIALYSE	other	
1955	25 G 053	CHLORURE DE SODIUM/BICARBONATE DE SODIUM	other	23,53G/69,95G/L
1956	25 G 054	DIALYSE EN POCHE LIQUIDE HYPERTONIQUE	other	15G GLUCOSE/LITRE
1957	25 G 055	DIALYSE EN POCHE LIQUIDE HYPERTONIQUE	other	22,73G GLUCOSE/LITRE
1958	25 G 056	CONCENTRE ACIDE POUR HEMODIALYSE AU BICARBONATE POUDRE	other	214.8G/L\n5.22G/L\n9G/L\n7.12G/L\n6.30G/L
1959	25 G 062	CHLORURE DE SODIUM/CHLORURE DE CALCIUM DIHYDRATE/CHLORURE DE MAGNESIUM HEXAHYDRATE/SOLUTION DE LACTATE DE SODIUM A 60%/GLUCOSE MONOHYDRATE	other	5,670G/0,257G/0,152G/6,537G (3,922g/l de lactate de sodium pur)/25G (correspondant à 22,7g/l ou 2,27
1960	25 G 063	GLUCOSE ANHYDRE (SOUS FORME MONOHYDRATEE)/SODIUM CHLORURE/CALCIUM CHLORURE DIHYDRATE/MAGNESIUM CHLORURE HEXAHYDRATE/SODIUM LACTATE	other	13,6G/L (1,36%) DE GLUCOSE ANHYDRE , 15G/L DE GLUCOSE MONONHYDRATE/(5,38G/0,184/G/0,051G/4,480G)/L S
1961	25 G 064	GLUCOSE ANHYDRE (SOUS FORME MONOHYDRATEE)/SODIUM CHLORURE/SODIUM LACTATE/CALCIUM CHLORURE DIHYDRATE/MAGNESIUM CHLORURE HEXAHYDRATE	other	22,70G/L (2,27%) DE GLUCOSE ANHYDRE , 25G/L SOUS FORME MONONHYDRATE/(5,38G/4,48G/0,184G/0,051G)/L SO
1962	25 G 065	GLUCOSE ANHYDRE (SOUS FORME MONOHYDRATEE)/SODIUM CHLORURE/CALCIUM CHLORURE DIHYDRATE/MAGNESIUM CHLORURE HEXAHYDRATE/SODIUM LACTATE	other	38,6G/L (3,86%) DE GLUCOSE ANHYDRE , 42,5G/L DE GLUCOSE MONONHYDRATE/(5,38G/0,184/G/0,051G/4,480G)/L
1963	25 G 066	ICODEXTRINE (DCI)/SODIUM CHLORURE/SODIUM LACTATE/CALCIUM CHLORURE/MAGNESIUM CHLORURE	other	75G/L (7,5%) D'ICODEXTRINE (5,4G/4,5G/0,257G/0,051G)/L SOIT PAR LITRE 133MMOL DE SODIUM, 1,75MMOL DE
1964	25 G 072	SOLUTION A CHLORURE DE CALCIUM DIHYDRATE/CHLORURE DE MAGNESIUM HEXAHYDRATE/GLUCOSE ANHYDRE S/F MONOHYDRATE SOLUTION B CHLORURE DE SODIUM/BICARBONATE DE SODIUM	other	AVANT RECONSTITUTION solution A SOLUTION ACIDE A BASE DE GLUCOSE ET ELECTROLYTES 4,410G/2,033 G/2,00
1965	25 G 073	SOLUTION ACIDE A BASE DE GLUCOSE ET ELECTROLYTES +SOLUTION ALCALINE A BASE DE BICARBONATE DE SODIUM ET DE CHLORURE DE SODIUM	other	COMPARTIMENT A (0,25 L) ,COMPARTIMENT B (4,75 L )
1966	25 G 074	CHLORURE DE POTASSIUM/CHLORURE DE CALCIUM DIHYDRATE/CHLORURE DE MAGNESIUM HEXAHYDRATE/GLUCOSE ANHYDRE S/F MONOHYDRATE	other	AVANT RECONSTITUTION solution A SOLUTION ACIDE A BASE DE GLUCOSE ET ELECTROLYTES 4,473G/4,410G G/2,0
1967	25 G 075	SOLUTION A CHLORURE DE POTASSIUM/CHLORURE DE CALCIUM DIHYDRATE/CHLORURE DE MAGNESIUM HEXAHYDRATE/GLUCOSE ANHYDRE S/F MONOHYDRATE SOLUTION B CHLORURE DE SODIUM/BICARBONATE DE SODIUM	other	AVANT RECONSTITUTION solution A SOLUTION ACIDE A BASE DE GLUCOSE ET ELECTROLYTES 5,964G/4,410G G/2,0
1968	25 G 082	CONCENTRE ACIDE POUR HEMODIALYSE	other	100 ml de solution Chlorure de Sodium (NaCl)…. 21.48g\nChlorure de Potassium (KCl) ….. 0.522g\n Chloru
1969	25 G 083	CONCENTRE ACIDE POUR HEMODIALYSE	other	100 ML
1970	25 G 084	CONCENTRE ACIDE POUR HEMODIALYSE	other	100 ml de solution Chlorure de Sodium (NaCl)….. 21.07g\nChlorure de Potassium (KCl) …….. 0.522g\n Chlo
1971	25 G 086	CONCENTRE ACIDE POUR HEMODIALYSE	other	100 ml de solution Chlorure de Sodium (NaCl).... 21.48g\nChlorure de Potassium (KCl) ….. 0.522g\n Chlo
1972	25 G 087	CONCENTRE ACIDE POUR HEMODIALYSE	other	100 ml de solution Chlorure de Sodium (NaCl). 21.07g\nChlorure de Potassium (KCl) .. 0.522g\n Chlorure
1973	25 G 088	CONCENTRE ACIDE POUR HEMODIALYSE	other	100 ml de solution Chlorure de Sodium (NaCl)….. 27.617g\nChlorure de Potassium (KCl) …….. 0.671g\n Chl
1974	25 G 089	CONCENTRE ACIDE POUR HEMODIALYSE	other	100 ml de solution Chlorure de Sodium (NaCl)….. 27.089g\nChlorure de Potassium (KCl) …….. 0.671g\n Chl
1975	25 G 090	CONCENTRE ACIDE POUR HEMODIALYSE	other	100 ml de solution Chlorure de Sodium (NaCl)….. 27.089g\nChlorure de Potassium (KCl) …….. 0.671g\n Chl
1976	25 G 091	CONCENTRE ACIDE POUR HEMODIALYSE	other	100 ml de solution Chlorure de Sodium (NaCl)….. 27.089g\nChlorure de Potassium (KCl) …….. 0.671g\n Chl
1977	25 H 021	MESTEROLONE	tablet	25MG
1978	25 M 059	SEVELAMER	tablet	800MG
1979	25 N 034	ALPROSTADIL	other	10µG/ML
1980	25 N 035	ALPROSTADIL	other	20µG/ML
1981	25 N 045	SILDENAFIL SOUS FORME DE CITRATE	tablet	50MG
1982	25 N 052	TADALAFIL	tablet	20MG
1983	25 N 060	SILDENAFIL SOUS FORME DE CITRATE	tablet	100MG
1984	25 N 070	UDENAFIL	tablet	100MG
1985	25 N 071	UDENAFIL	tablet	200MG
1986	25 N 076	TADALAFIL	tablet	5MG
1987	25 N 077	VARDENAFIL HYDROCHLORIDE TRIHYDRATE	tablet	10 MG
1988	25 N 078	TADALAFIL	tablet	2,5MG
1989	25 N 079	SILDENAFIL	tablet	50MG
1990	25 N 080	DAPOXETINE HYDROCHLORIDE EXPRIME EN DAPOXETINE	tablet	30MG
1991	25 N 081	DAPOXETINE HYDROCHLORIDE EXPRIME EN DAPOXETINE	tablet	60MG
1992	25 P 068	SUCCINATE DE SOLIFENACINE	tablet	5MG
1993	25 P 069	SUCCINATE DE SOLIFENACINE	tablet	10MG
1994	26 A 007	GLYCOCOLLE	other	0,015
1995	26 B 014	HYPOCHLORITE DE SODIUM (CHLORE ACTIF)	other	0,5% DE CHLORE ACTIF
1996	26 B 015	PEROXYDE D'HYDROGENE	other	10 VOLUMES
1997	26 B 017	EOSINE AQUEUSE	other	0,02
1998	26 B 020	MERCUROCHROME	other	0,02
1999	26 B 035	BLEU DE METHYLENE	other	0,01
2000	26 B 038	ALCOOL ETHYLIQUE	other	70°
2001	26 B 041	ALCOOL ETHYLIQUE	cream	90°
2002	26 G 092	CONCENTRE ACIDE POUR HEMODIALYSE	other	100 ml de solution Chlorure de Sodium (NaCl)….. 27.089g\nChlorure de Potassium (KCl) …….. 0.671g\n Chl
2003	26 G 093	CONCENTRE ACIDE POUR HEMODIALYSE	other	100 ml de solution Chlorure de Sodium (NaCl)….. 27.089g\nChlorure de Potassium (KCl) …….. 0.671g\n Chl
2004	27 A 001	BUSULFAN	other	6MG/ML
2005	27 A 002	MYCOPHENOLATE MOFETIL	tablet	500MG
2006	27 A 003	MYCOPHENATE MOFETIL	tablet	250 MG
2007	27 A 004	IMMUNOGLOBULINE DE LAPIN ANTI-THYMOCYTES HUMAINS	other	25MG/FL. DE PDRE. (5MG/ML DE SOL. APRES RECONST.)
2008	27 A 005	CICLOSPORINE	syrup	100MG/ML
2009	27 A 006	CICLOSPORINE	tablet	25MG
2010	27 A 007	CICLOSPORINE	tablet	50MG
2011	27 A 008	CICLOSPORINE	tablet	100MG
2012	27 A 009	TACROLIMUS MONOHYDRATE EXPRIME EN TACROLIMUS	tablet	0,5MG
2013	27 A 010	TACROLIMUS MONOHYDRATE EXPRIME EN TACROLIMUS	tablet	1MG
2014	27 A 011	TACROLIMUS MONOHYDRATE EXPRIME EN TACROLIMUS	tablet	5MG
2015	27 A 012	BASILIXIMAB	injection	20MG/FLACON
2016	27 A 013	ECULIZUMAB	injection	10MG/ML (300MG/30ML)
2017	27 A 014	CICLOSPORINE	injection	50MG/ML
2018	27 A 015	SIROLIMUS	tablet	1MG
2019	27 A 016	SIROLIMUS	tablet	2MG
2020	27 B 001	CERTOLIZUMAB	injection	200 MG/ML
2021	27 C 002	UPADACITINIB	tablet	15MG
2022	27 C 003	DUPILUMAB	injection	200MG
2023	27 C 004	DUPILUMAB	injection	300MG
2024	27 C 005	TOFACITINIB	tablet	5MG
2025	27 C 006	TOFACITINIB	tablet	10MG
2026	27 C 007	CITRATE DE TOFACITINIB	tablet	11MG
2027	27 C 008	BARICITINIB	tablet	2MG
2028	27 C 009	BARICITINIB	tablet	4MG
2029	27 E 012	SECUKINUMAB	injection	150MG/ML
2030	27 E 013	SECUKINUMAB	injection	150MG/ML
2031	27 F 011	GUSELKUMAB	injection	100MG
2032	27 G 014	SATRALIZUMAB	other	120MG/ML
2033	28 A 001	INHIBITEUR DE LA C1 ESTERASE HUMAINE	other	50 UI/ML
2034	28 A 002	INHIBITEUR DE LA C1 ESTERASE HUMAINE	other	500 UI/ML
2035	28 A 003	LANADELUMAB	cream	300MG/2ML
2036	28 A 005	AVALGLUCOSIDASE ALFA	injection	100MG
2037	28 B 004	OLIPUDASE ALFA	injection	20MG
\.


--
-- Data for Name: ghadapi_drugdistribution; Type: TABLE DATA; Schema: public; Owner: yassine
--

COPY public.ghadapi_drugdistribution (id, distribution_date, prescription_number, doctor_name, remarks, is_validated, beneficiary_id) FROM stdin;
\.


--
-- Data for Name: ghadapi_drugdonation; Type: TABLE DATA; Schema: public; Owner: yassine
--

COPY public.ghadapi_drugdonation (id, donor, donation_type, invoice_number, donation_date, total_price, remarks) FROM stdin;
\.


--
-- Data for Name: ghadapi_drugstock; Type: TABLE DATA; Schema: public; Owner: yassine
--

COPY public.ghadapi_drugstock (id, expiration_date, quantity_available, created_at, drug_id) FROM stdin;
\.


--
-- Data for Name: ghadapi_member; Type: TABLE DATA; Schema: public; Owner: yassine
--

COPY public.ghadapi_member (id, role, join_date, department_id, person_id) FROM stdin;
\.


--
-- Data for Name: persons; Type: TABLE DATA; Schema: public; Owner: yassine
--

COPY public.persons (id, first_name, last_name, nin, phone, address, date_of_birth, gender, is_active, created_at, updated_at) FROM stdin;
4	شبورو	محمد ياسين	100050423014010004	0782317920	نهج الشهيد عتيقي عبد القادر المنزل رقم 01	2005-06-06	M	t	2026-06-19 11:04:20.689503+01	2026-06-19 11:04:20.689534+01
5	ckapsd	sadasd		123123	sadad	2026-06-15	M	t	2026-06-19 14:57:03.604722+01	2026-06-19 14:57:26.478685+01
\.


--
-- Data for Name: user_activity_access; Type: TABLE DATA; Schema: public; Owner: yassine
--

COPY public.user_activity_access (id, access_level, granted_at, activity_id, user_id) FROM stdin;
2	manager	2026-06-18 12:44:11.963007+01	1	3
3	manager	2026-06-19 11:06:33.951407+01	1	4
4	manager	2026-06-19 11:08:14.356066+01	2	4
5	manager	2026-06-19 12:57:33.331315+01	1	5
\.


--
-- Data for Name: user_profiles; Type: TABLE DATA; Schema: public; Owner: yassine
--

COPY public.user_profiles (id, person_id, user_id) FROM stdin;
4	\N	4
3	4	3
5	\N	5
6	\N	6
\.


--
-- Data for Name: users; Type: TABLE DATA; Schema: public; Owner: yassine
--

COPY public.users (id, password, last_login, is_superuser, username, first_name, last_name, email, is_staff, is_active, date_joined) FROM stdin;
4	pbkdf2_sha256$1200000$92mFwDRVb4w23aKSfUfMBJ$NDo8R967kHImdB7wZcjk9zdOmwy5X6IRSyeUVMcBJhU=	2026-06-19 11:08:53.290933+01	f	m.zemmour				f	t	2026-06-19 11:06:18.526768+01
5	pbkdf2_sha256$1200000$prZ8qDMiJhAwDNm298Fcf5$G+GycIFbUPEYqhS2LhifiHb58V3+E9rsBc+1jJ170LY=	2026-06-19 12:58:30.911774+01	f	s.chehih				f	t	2026-06-19 12:56:30.81113+01
3	pbkdf2_sha256$1200000$ssOIjOBH9ZzALR3YED8hQQ$hBS9SLCqF71WG+MQ4frXLZVvFIkLiIO4cLpsXfmyJbc=	2026-06-19 14:56:29.097136+01	f	my.chebourou				f	t	2026-06-18 12:43:47.724536+01
6	pbkdf2_sha256$1200000$NjeG6ZYOUDDQhizVDn18DA$nYeMmAovoeB+59/aTJXJk4vEXO2eWye5tOX5SU572C4=	2026-06-19 14:58:31.696744+01	t	admin-ghad-afdal				t	t	2026-06-19 14:58:11.891909+01
\.


--
-- Data for Name: users_groups; Type: TABLE DATA; Schema: public; Owner: yassine
--

COPY public.users_groups (id, user_id, group_id) FROM stdin;
\.


--
-- Data for Name: users_user_permissions; Type: TABLE DATA; Schema: public; Owner: yassine
--

COPY public.users_user_permissions (id, user_id, permission_id) FROM stdin;
\.


--
-- Name: auth_group_id_seq; Type: SEQUENCE SET; Schema: public; Owner: yassine
--

SELECT pg_catalog.setval('public.auth_group_id_seq', 1, false);


--
-- Name: auth_group_permissions_id_seq; Type: SEQUENCE SET; Schema: public; Owner: yassine
--

SELECT pg_catalog.setval('public.auth_group_permissions_id_seq', 1, false);


--
-- Name: auth_permission_id_seq; Type: SEQUENCE SET; Schema: public; Owner: yassine
--

SELECT pg_catalog.setval('public.auth_permission_id_seq', 72, true);


--
-- Name: django_admin_log_id_seq; Type: SEQUENCE SET; Schema: public; Owner: yassine
--

SELECT pg_catalog.setval('public.django_admin_log_id_seq', 1, false);


--
-- Name: django_content_type_id_seq; Type: SEQUENCE SET; Schema: public; Owner: yassine
--

SELECT pg_catalog.setval('public.django_content_type_id_seq', 18, true);


--
-- Name: django_migrations_id_seq; Type: SEQUENCE SET; Schema: public; Owner: yassine
--

SELECT pg_catalog.setval('public.django_migrations_id_seq', 20, true);


--
-- Name: ghadapi_activity_id_seq; Type: SEQUENCE SET; Schema: public; Owner: yassine
--

SELECT pg_catalog.setval('public.ghadapi_activity_id_seq', 2, true);


--
-- Name: ghadapi_department_id_seq; Type: SEQUENCE SET; Schema: public; Owner: yassine
--

SELECT pg_catalog.setval('public.ghadapi_department_id_seq', 2, true);


--
-- Name: ghadapi_distributionitem_id_seq; Type: SEQUENCE SET; Schema: public; Owner: yassine
--

SELECT pg_catalog.setval('public.ghadapi_distributionitem_id_seq', 1, false);


--
-- Name: ghadapi_donationitem_id_seq; Type: SEQUENCE SET; Schema: public; Owner: yassine
--

SELECT pg_catalog.setval('public.ghadapi_donationitem_id_seq', 1, false);


--
-- Name: ghadapi_drug_id_seq; Type: SEQUENCE SET; Schema: public; Owner: yassine
--

SELECT pg_catalog.setval('public.ghadapi_drug_id_seq', 1, false);


--
-- Name: ghadapi_drugdistribution_id_seq; Type: SEQUENCE SET; Schema: public; Owner: yassine
--

SELECT pg_catalog.setval('public.ghadapi_drugdistribution_id_seq', 1, false);


--
-- Name: ghadapi_drugdonation_id_seq; Type: SEQUENCE SET; Schema: public; Owner: yassine
--

SELECT pg_catalog.setval('public.ghadapi_drugdonation_id_seq', 1, false);


--
-- Name: ghadapi_drugstock_id_seq; Type: SEQUENCE SET; Schema: public; Owner: yassine
--

SELECT pg_catalog.setval('public.ghadapi_drugstock_id_seq', 1, false);


--
-- Name: ghadapi_member_id_seq; Type: SEQUENCE SET; Schema: public; Owner: yassine
--

SELECT pg_catalog.setval('public.ghadapi_member_id_seq', 1, false);


--
-- Name: persons_id_seq; Type: SEQUENCE SET; Schema: public; Owner: yassine
--

SELECT pg_catalog.setval('public.persons_id_seq', 7, true);


--
-- Name: user_activity_access_id_seq; Type: SEQUENCE SET; Schema: public; Owner: yassine
--

SELECT pg_catalog.setval('public.user_activity_access_id_seq', 5, true);


--
-- Name: user_profiles_id_seq; Type: SEQUENCE SET; Schema: public; Owner: yassine
--

SELECT pg_catalog.setval('public.user_profiles_id_seq', 6, true);


--
-- Name: users_groups_id_seq; Type: SEQUENCE SET; Schema: public; Owner: yassine
--

SELECT pg_catalog.setval('public.users_groups_id_seq', 1, false);


--
-- Name: users_id_seq; Type: SEQUENCE SET; Schema: public; Owner: yassine
--

SELECT pg_catalog.setval('public.users_id_seq', 6, true);


--
-- Name: users_user_permissions_id_seq; Type: SEQUENCE SET; Schema: public; Owner: yassine
--

SELECT pg_catalog.setval('public.users_user_permissions_id_seq', 1, false);


--
-- Name: auth_group auth_group_name_key; Type: CONSTRAINT; Schema: public; Owner: yassine
--

ALTER TABLE ONLY public.auth_group
    ADD CONSTRAINT auth_group_name_key UNIQUE (name);


--
-- Name: auth_group_permissions auth_group_permissions_group_id_permission_id_0cd325b0_uniq; Type: CONSTRAINT; Schema: public; Owner: yassine
--

ALTER TABLE ONLY public.auth_group_permissions
    ADD CONSTRAINT auth_group_permissions_group_id_permission_id_0cd325b0_uniq UNIQUE (group_id, permission_id);


--
-- Name: auth_group_permissions auth_group_permissions_pkey; Type: CONSTRAINT; Schema: public; Owner: yassine
--

ALTER TABLE ONLY public.auth_group_permissions
    ADD CONSTRAINT auth_group_permissions_pkey PRIMARY KEY (id);


--
-- Name: auth_group auth_group_pkey; Type: CONSTRAINT; Schema: public; Owner: yassine
--

ALTER TABLE ONLY public.auth_group
    ADD CONSTRAINT auth_group_pkey PRIMARY KEY (id);


--
-- Name: auth_permission auth_permission_content_type_id_codename_01ab375a_uniq; Type: CONSTRAINT; Schema: public; Owner: yassine
--

ALTER TABLE ONLY public.auth_permission
    ADD CONSTRAINT auth_permission_content_type_id_codename_01ab375a_uniq UNIQUE (content_type_id, codename);


--
-- Name: auth_permission auth_permission_pkey; Type: CONSTRAINT; Schema: public; Owner: yassine
--

ALTER TABLE ONLY public.auth_permission
    ADD CONSTRAINT auth_permission_pkey PRIMARY KEY (id);


--
-- Name: django_admin_log django_admin_log_pkey; Type: CONSTRAINT; Schema: public; Owner: yassine
--

ALTER TABLE ONLY public.django_admin_log
    ADD CONSTRAINT django_admin_log_pkey PRIMARY KEY (id);


--
-- Name: django_content_type django_content_type_app_label_model_76bd3d3b_uniq; Type: CONSTRAINT; Schema: public; Owner: yassine
--

ALTER TABLE ONLY public.django_content_type
    ADD CONSTRAINT django_content_type_app_label_model_76bd3d3b_uniq UNIQUE (app_label, model);


--
-- Name: django_content_type django_content_type_pkey; Type: CONSTRAINT; Schema: public; Owner: yassine
--

ALTER TABLE ONLY public.django_content_type
    ADD CONSTRAINT django_content_type_pkey PRIMARY KEY (id);


--
-- Name: django_migrations django_migrations_pkey; Type: CONSTRAINT; Schema: public; Owner: yassine
--

ALTER TABLE ONLY public.django_migrations
    ADD CONSTRAINT django_migrations_pkey PRIMARY KEY (id);


--
-- Name: django_session django_session_pkey; Type: CONSTRAINT; Schema: public; Owner: yassine
--

ALTER TABLE ONLY public.django_session
    ADD CONSTRAINT django_session_pkey PRIMARY KEY (session_key);


--
-- Name: ghadapi_activity ghadapi_activity_pkey; Type: CONSTRAINT; Schema: public; Owner: yassine
--

ALTER TABLE ONLY public.ghadapi_activity
    ADD CONSTRAINT ghadapi_activity_pkey PRIMARY KEY (id);


--
-- Name: ghadapi_department ghadapi_department_pkey; Type: CONSTRAINT; Schema: public; Owner: yassine
--

ALTER TABLE ONLY public.ghadapi_department
    ADD CONSTRAINT ghadapi_department_pkey PRIMARY KEY (id);


--
-- Name: ghadapi_distributionitem ghadapi_distributionitem_pkey; Type: CONSTRAINT; Schema: public; Owner: yassine
--

ALTER TABLE ONLY public.ghadapi_distributionitem
    ADD CONSTRAINT ghadapi_distributionitem_pkey PRIMARY KEY (id);


--
-- Name: ghadapi_donationitem ghadapi_donationitem_pkey; Type: CONSTRAINT; Schema: public; Owner: yassine
--

ALTER TABLE ONLY public.ghadapi_donationitem
    ADD CONSTRAINT ghadapi_donationitem_pkey PRIMARY KEY (id);


--
-- Name: ghadapi_drug ghadapi_drug_code_key; Type: CONSTRAINT; Schema: public; Owner: yassine
--

ALTER TABLE ONLY public.ghadapi_drug
    ADD CONSTRAINT ghadapi_drug_code_key UNIQUE (code);


--
-- Name: ghadapi_drug ghadapi_drug_pkey; Type: CONSTRAINT; Schema: public; Owner: yassine
--

ALTER TABLE ONLY public.ghadapi_drug
    ADD CONSTRAINT ghadapi_drug_pkey PRIMARY KEY (id);


--
-- Name: ghadapi_drugdistribution ghadapi_drugdistribution_pkey; Type: CONSTRAINT; Schema: public; Owner: yassine
--

ALTER TABLE ONLY public.ghadapi_drugdistribution
    ADD CONSTRAINT ghadapi_drugdistribution_pkey PRIMARY KEY (id);


--
-- Name: ghadapi_drugdonation ghadapi_drugdonation_pkey; Type: CONSTRAINT; Schema: public; Owner: yassine
--

ALTER TABLE ONLY public.ghadapi_drugdonation
    ADD CONSTRAINT ghadapi_drugdonation_pkey PRIMARY KEY (id);


--
-- Name: ghadapi_drugstock ghadapi_drugstock_drug_id_expiration_date_cf01a432_uniq; Type: CONSTRAINT; Schema: public; Owner: yassine
--

ALTER TABLE ONLY public.ghadapi_drugstock
    ADD CONSTRAINT ghadapi_drugstock_drug_id_expiration_date_cf01a432_uniq UNIQUE (drug_id, expiration_date);


--
-- Name: ghadapi_drugstock ghadapi_drugstock_pkey; Type: CONSTRAINT; Schema: public; Owner: yassine
--

ALTER TABLE ONLY public.ghadapi_drugstock
    ADD CONSTRAINT ghadapi_drugstock_pkey PRIMARY KEY (id);


--
-- Name: ghadapi_member ghadapi_member_pkey; Type: CONSTRAINT; Schema: public; Owner: yassine
--

ALTER TABLE ONLY public.ghadapi_member
    ADD CONSTRAINT ghadapi_member_pkey PRIMARY KEY (id);


--
-- Name: persons persons_pkey; Type: CONSTRAINT; Schema: public; Owner: yassine
--

ALTER TABLE ONLY public.persons
    ADD CONSTRAINT persons_pkey PRIMARY KEY (id);


--
-- Name: user_activity_access user_activity_access_pkey; Type: CONSTRAINT; Schema: public; Owner: yassine
--

ALTER TABLE ONLY public.user_activity_access
    ADD CONSTRAINT user_activity_access_pkey PRIMARY KEY (id);


--
-- Name: user_activity_access user_activity_access_user_id_activity_id_d30eccb9_uniq; Type: CONSTRAINT; Schema: public; Owner: yassine
--

ALTER TABLE ONLY public.user_activity_access
    ADD CONSTRAINT user_activity_access_user_id_activity_id_d30eccb9_uniq UNIQUE (user_id, activity_id);


--
-- Name: user_profiles user_profiles_person_id_key; Type: CONSTRAINT; Schema: public; Owner: yassine
--

ALTER TABLE ONLY public.user_profiles
    ADD CONSTRAINT user_profiles_person_id_key UNIQUE (person_id);


--
-- Name: user_profiles user_profiles_pkey; Type: CONSTRAINT; Schema: public; Owner: yassine
--

ALTER TABLE ONLY public.user_profiles
    ADD CONSTRAINT user_profiles_pkey PRIMARY KEY (id);


--
-- Name: user_profiles user_profiles_user_id_key; Type: CONSTRAINT; Schema: public; Owner: yassine
--

ALTER TABLE ONLY public.user_profiles
    ADD CONSTRAINT user_profiles_user_id_key UNIQUE (user_id);


--
-- Name: users_groups users_groups_pkey; Type: CONSTRAINT; Schema: public; Owner: yassine
--

ALTER TABLE ONLY public.users_groups
    ADD CONSTRAINT users_groups_pkey PRIMARY KEY (id);


--
-- Name: users_groups users_groups_user_id_group_id_fc7788e8_uniq; Type: CONSTRAINT; Schema: public; Owner: yassine
--

ALTER TABLE ONLY public.users_groups
    ADD CONSTRAINT users_groups_user_id_group_id_fc7788e8_uniq UNIQUE (user_id, group_id);


--
-- Name: users users_pkey; Type: CONSTRAINT; Schema: public; Owner: yassine
--

ALTER TABLE ONLY public.users
    ADD CONSTRAINT users_pkey PRIMARY KEY (id);


--
-- Name: users_user_permissions users_user_permissions_pkey; Type: CONSTRAINT; Schema: public; Owner: yassine
--

ALTER TABLE ONLY public.users_user_permissions
    ADD CONSTRAINT users_user_permissions_pkey PRIMARY KEY (id);


--
-- Name: users_user_permissions users_user_permissions_user_id_permission_id_3b86cbdf_uniq; Type: CONSTRAINT; Schema: public; Owner: yassine
--

ALTER TABLE ONLY public.users_user_permissions
    ADD CONSTRAINT users_user_permissions_user_id_permission_id_3b86cbdf_uniq UNIQUE (user_id, permission_id);


--
-- Name: users users_username_key; Type: CONSTRAINT; Schema: public; Owner: yassine
--

ALTER TABLE ONLY public.users
    ADD CONSTRAINT users_username_key UNIQUE (username);


--
-- Name: auth_group_name_a6ea08ec_like; Type: INDEX; Schema: public; Owner: yassine
--

CREATE INDEX auth_group_name_a6ea08ec_like ON public.auth_group USING btree (name varchar_pattern_ops);


--
-- Name: auth_group_permissions_group_id_b120cbf9; Type: INDEX; Schema: public; Owner: yassine
--

CREATE INDEX auth_group_permissions_group_id_b120cbf9 ON public.auth_group_permissions USING btree (group_id);


--
-- Name: auth_group_permissions_permission_id_84c5c92e; Type: INDEX; Schema: public; Owner: yassine
--

CREATE INDEX auth_group_permissions_permission_id_84c5c92e ON public.auth_group_permissions USING btree (permission_id);


--
-- Name: auth_permission_content_type_id_2f476e4b; Type: INDEX; Schema: public; Owner: yassine
--

CREATE INDEX auth_permission_content_type_id_2f476e4b ON public.auth_permission USING btree (content_type_id);


--
-- Name: django_admin_log_content_type_id_c4bce8eb; Type: INDEX; Schema: public; Owner: yassine
--

CREATE INDEX django_admin_log_content_type_id_c4bce8eb ON public.django_admin_log USING btree (content_type_id);


--
-- Name: django_admin_log_user_id_c564eba6; Type: INDEX; Schema: public; Owner: yassine
--

CREATE INDEX django_admin_log_user_id_c564eba6 ON public.django_admin_log USING btree (user_id);


--
-- Name: django_session_expire_date_a5c62663; Type: INDEX; Schema: public; Owner: yassine
--

CREATE INDEX django_session_expire_date_a5c62663 ON public.django_session USING btree (expire_date);


--
-- Name: django_session_session_key_c0390e0f_like; Type: INDEX; Schema: public; Owner: yassine
--

CREATE INDEX django_session_session_key_c0390e0f_like ON public.django_session USING btree (session_key varchar_pattern_ops);


--
-- Name: ghadapi_activity_department_id_7c1a6ed8; Type: INDEX; Schema: public; Owner: yassine
--

CREATE INDEX ghadapi_activity_department_id_7c1a6ed8 ON public.ghadapi_activity USING btree (department_id);


--
-- Name: ghadapi_distributionitem_distribution_id_b7083fd7; Type: INDEX; Schema: public; Owner: yassine
--

CREATE INDEX ghadapi_distributionitem_distribution_id_b7083fd7 ON public.ghadapi_distributionitem USING btree (distribution_id);


--
-- Name: ghadapi_distributionitem_stock_id_c44b3956; Type: INDEX; Schema: public; Owner: yassine
--

CREATE INDEX ghadapi_distributionitem_stock_id_c44b3956 ON public.ghadapi_distributionitem USING btree (stock_id);


--
-- Name: ghadapi_donationitem_donation_id_d1230bbe; Type: INDEX; Schema: public; Owner: yassine
--

CREATE INDEX ghadapi_donationitem_donation_id_d1230bbe ON public.ghadapi_donationitem USING btree (donation_id);


--
-- Name: ghadapi_donationitem_drug_id_a6fc6a65; Type: INDEX; Schema: public; Owner: yassine
--

CREATE INDEX ghadapi_donationitem_drug_id_a6fc6a65 ON public.ghadapi_donationitem USING btree (drug_id);


--
-- Name: ghadapi_drug_code_0ec50b5f_like; Type: INDEX; Schema: public; Owner: yassine
--

CREATE INDEX ghadapi_drug_code_0ec50b5f_like ON public.ghadapi_drug USING btree (code varchar_pattern_ops);


--
-- Name: ghadapi_drugdistribution_beneficiary_id_626b967d; Type: INDEX; Schema: public; Owner: yassine
--

CREATE INDEX ghadapi_drugdistribution_beneficiary_id_626b967d ON public.ghadapi_drugdistribution USING btree (beneficiary_id);


--
-- Name: ghadapi_drugstock_drug_id_921ee81d; Type: INDEX; Schema: public; Owner: yassine
--

CREATE INDEX ghadapi_drugstock_drug_id_921ee81d ON public.ghadapi_drugstock USING btree (drug_id);


--
-- Name: ghadapi_member_department_id_e5269e00; Type: INDEX; Schema: public; Owner: yassine
--

CREATE INDEX ghadapi_member_department_id_e5269e00 ON public.ghadapi_member USING btree (department_id);


--
-- Name: ghadapi_member_person_id_25f2b3e1; Type: INDEX; Schema: public; Owner: yassine
--

CREATE INDEX ghadapi_member_person_id_25f2b3e1 ON public.ghadapi_member USING btree (person_id);


--
-- Name: user_activity_access_activity_id_1fdfa909; Type: INDEX; Schema: public; Owner: yassine
--

CREATE INDEX user_activity_access_activity_id_1fdfa909 ON public.user_activity_access USING btree (activity_id);


--
-- Name: user_activity_access_user_id_5c9fc78a; Type: INDEX; Schema: public; Owner: yassine
--

CREATE INDEX user_activity_access_user_id_5c9fc78a ON public.user_activity_access USING btree (user_id);


--
-- Name: users_groups_group_id_2f3517aa; Type: INDEX; Schema: public; Owner: yassine
--

CREATE INDEX users_groups_group_id_2f3517aa ON public.users_groups USING btree (group_id);


--
-- Name: users_groups_user_id_f500bee5; Type: INDEX; Schema: public; Owner: yassine
--

CREATE INDEX users_groups_user_id_f500bee5 ON public.users_groups USING btree (user_id);


--
-- Name: users_user_permissions_permission_id_6d08dcd2; Type: INDEX; Schema: public; Owner: yassine
--

CREATE INDEX users_user_permissions_permission_id_6d08dcd2 ON public.users_user_permissions USING btree (permission_id);


--
-- Name: users_user_permissions_user_id_92473840; Type: INDEX; Schema: public; Owner: yassine
--

CREATE INDEX users_user_permissions_user_id_92473840 ON public.users_user_permissions USING btree (user_id);


--
-- Name: users_username_e8658fc8_like; Type: INDEX; Schema: public; Owner: yassine
--

CREATE INDEX users_username_e8658fc8_like ON public.users USING btree (username varchar_pattern_ops);


--
-- Name: auth_group_permissions auth_group_permissio_permission_id_84c5c92e_fk_auth_perm; Type: FK CONSTRAINT; Schema: public; Owner: yassine
--

ALTER TABLE ONLY public.auth_group_permissions
    ADD CONSTRAINT auth_group_permissio_permission_id_84c5c92e_fk_auth_perm FOREIGN KEY (permission_id) REFERENCES public.auth_permission(id) DEFERRABLE INITIALLY DEFERRED;


--
-- Name: auth_group_permissions auth_group_permissions_group_id_b120cbf9_fk_auth_group_id; Type: FK CONSTRAINT; Schema: public; Owner: yassine
--

ALTER TABLE ONLY public.auth_group_permissions
    ADD CONSTRAINT auth_group_permissions_group_id_b120cbf9_fk_auth_group_id FOREIGN KEY (group_id) REFERENCES public.auth_group(id) DEFERRABLE INITIALLY DEFERRED;


--
-- Name: auth_permission auth_permission_content_type_id_2f476e4b_fk_django_co; Type: FK CONSTRAINT; Schema: public; Owner: yassine
--

ALTER TABLE ONLY public.auth_permission
    ADD CONSTRAINT auth_permission_content_type_id_2f476e4b_fk_django_co FOREIGN KEY (content_type_id) REFERENCES public.django_content_type(id) DEFERRABLE INITIALLY DEFERRED;


--
-- Name: django_admin_log django_admin_log_content_type_id_c4bce8eb_fk_django_co; Type: FK CONSTRAINT; Schema: public; Owner: yassine
--

ALTER TABLE ONLY public.django_admin_log
    ADD CONSTRAINT django_admin_log_content_type_id_c4bce8eb_fk_django_co FOREIGN KEY (content_type_id) REFERENCES public.django_content_type(id) DEFERRABLE INITIALLY DEFERRED;


--
-- Name: django_admin_log django_admin_log_user_id_c564eba6_fk_users_id; Type: FK CONSTRAINT; Schema: public; Owner: yassine
--

ALTER TABLE ONLY public.django_admin_log
    ADD CONSTRAINT django_admin_log_user_id_c564eba6_fk_users_id FOREIGN KEY (user_id) REFERENCES public.users(id) DEFERRABLE INITIALLY DEFERRED;


--
-- Name: ghadapi_activity ghadapi_activity_department_id_7c1a6ed8_fk_ghadapi_d; Type: FK CONSTRAINT; Schema: public; Owner: yassine
--

ALTER TABLE ONLY public.ghadapi_activity
    ADD CONSTRAINT ghadapi_activity_department_id_7c1a6ed8_fk_ghadapi_d FOREIGN KEY (department_id) REFERENCES public.ghadapi_department(id) DEFERRABLE INITIALLY DEFERRED;


--
-- Name: ghadapi_distributionitem ghadapi_distribution_distribution_id_b7083fd7_fk_ghadapi_d; Type: FK CONSTRAINT; Schema: public; Owner: yassine
--

ALTER TABLE ONLY public.ghadapi_distributionitem
    ADD CONSTRAINT ghadapi_distribution_distribution_id_b7083fd7_fk_ghadapi_d FOREIGN KEY (distribution_id) REFERENCES public.ghadapi_drugdistribution(id) DEFERRABLE INITIALLY DEFERRED;


--
-- Name: ghadapi_distributionitem ghadapi_distribution_stock_id_c44b3956_fk_ghadapi_d; Type: FK CONSTRAINT; Schema: public; Owner: yassine
--

ALTER TABLE ONLY public.ghadapi_distributionitem
    ADD CONSTRAINT ghadapi_distribution_stock_id_c44b3956_fk_ghadapi_d FOREIGN KEY (stock_id) REFERENCES public.ghadapi_drugstock(id) DEFERRABLE INITIALLY DEFERRED;


--
-- Name: ghadapi_donationitem ghadapi_donationitem_donation_id_d1230bbe_fk_ghadapi_d; Type: FK CONSTRAINT; Schema: public; Owner: yassine
--

ALTER TABLE ONLY public.ghadapi_donationitem
    ADD CONSTRAINT ghadapi_donationitem_donation_id_d1230bbe_fk_ghadapi_d FOREIGN KEY (donation_id) REFERENCES public.ghadapi_drugdonation(id) DEFERRABLE INITIALLY DEFERRED;


--
-- Name: ghadapi_donationitem ghadapi_donationitem_drug_id_a6fc6a65_fk_ghadapi_drug_id; Type: FK CONSTRAINT; Schema: public; Owner: yassine
--

ALTER TABLE ONLY public.ghadapi_donationitem
    ADD CONSTRAINT ghadapi_donationitem_drug_id_a6fc6a65_fk_ghadapi_drug_id FOREIGN KEY (drug_id) REFERENCES public.ghadapi_drug(id) DEFERRABLE INITIALLY DEFERRED;


--
-- Name: ghadapi_drugdistribution ghadapi_drugdistribution_beneficiary_id_626b967d_fk_persons_id; Type: FK CONSTRAINT; Schema: public; Owner: yassine
--

ALTER TABLE ONLY public.ghadapi_drugdistribution
    ADD CONSTRAINT ghadapi_drugdistribution_beneficiary_id_626b967d_fk_persons_id FOREIGN KEY (beneficiary_id) REFERENCES public.persons(id) DEFERRABLE INITIALLY DEFERRED;


--
-- Name: ghadapi_drugstock ghadapi_drugstock_drug_id_921ee81d_fk_ghadapi_drug_id; Type: FK CONSTRAINT; Schema: public; Owner: yassine
--

ALTER TABLE ONLY public.ghadapi_drugstock
    ADD CONSTRAINT ghadapi_drugstock_drug_id_921ee81d_fk_ghadapi_drug_id FOREIGN KEY (drug_id) REFERENCES public.ghadapi_drug(id) DEFERRABLE INITIALLY DEFERRED;


--
-- Name: ghadapi_member ghadapi_member_department_id_e5269e00_fk_ghadapi_department_id; Type: FK CONSTRAINT; Schema: public; Owner: yassine
--

ALTER TABLE ONLY public.ghadapi_member
    ADD CONSTRAINT ghadapi_member_department_id_e5269e00_fk_ghadapi_department_id FOREIGN KEY (department_id) REFERENCES public.ghadapi_department(id) DEFERRABLE INITIALLY DEFERRED;


--
-- Name: ghadapi_member ghadapi_member_person_id_25f2b3e1_fk_persons_id; Type: FK CONSTRAINT; Schema: public; Owner: yassine
--

ALTER TABLE ONLY public.ghadapi_member
    ADD CONSTRAINT ghadapi_member_person_id_25f2b3e1_fk_persons_id FOREIGN KEY (person_id) REFERENCES public.persons(id) DEFERRABLE INITIALLY DEFERRED;


--
-- Name: user_activity_access user_activity_access_activity_id_1fdfa909_fk_ghadapi_a; Type: FK CONSTRAINT; Schema: public; Owner: yassine
--

ALTER TABLE ONLY public.user_activity_access
    ADD CONSTRAINT user_activity_access_activity_id_1fdfa909_fk_ghadapi_a FOREIGN KEY (activity_id) REFERENCES public.ghadapi_activity(id) DEFERRABLE INITIALLY DEFERRED;


--
-- Name: user_activity_access user_activity_access_user_id_5c9fc78a_fk_users_id; Type: FK CONSTRAINT; Schema: public; Owner: yassine
--

ALTER TABLE ONLY public.user_activity_access
    ADD CONSTRAINT user_activity_access_user_id_5c9fc78a_fk_users_id FOREIGN KEY (user_id) REFERENCES public.users(id) DEFERRABLE INITIALLY DEFERRED;


--
-- Name: user_profiles user_profiles_person_id_e8c892cb_fk_persons_id; Type: FK CONSTRAINT; Schema: public; Owner: yassine
--

ALTER TABLE ONLY public.user_profiles
    ADD CONSTRAINT user_profiles_person_id_e8c892cb_fk_persons_id FOREIGN KEY (person_id) REFERENCES public.persons(id) DEFERRABLE INITIALLY DEFERRED;


--
-- Name: user_profiles user_profiles_user_id_8c5ab5fe_fk_users_id; Type: FK CONSTRAINT; Schema: public; Owner: yassine
--

ALTER TABLE ONLY public.user_profiles
    ADD CONSTRAINT user_profiles_user_id_8c5ab5fe_fk_users_id FOREIGN KEY (user_id) REFERENCES public.users(id) DEFERRABLE INITIALLY DEFERRED;


--
-- Name: users_groups users_groups_group_id_2f3517aa_fk_auth_group_id; Type: FK CONSTRAINT; Schema: public; Owner: yassine
--

ALTER TABLE ONLY public.users_groups
    ADD CONSTRAINT users_groups_group_id_2f3517aa_fk_auth_group_id FOREIGN KEY (group_id) REFERENCES public.auth_group(id) DEFERRABLE INITIALLY DEFERRED;


--
-- Name: users_groups users_groups_user_id_f500bee5_fk_users_id; Type: FK CONSTRAINT; Schema: public; Owner: yassine
--

ALTER TABLE ONLY public.users_groups
    ADD CONSTRAINT users_groups_user_id_f500bee5_fk_users_id FOREIGN KEY (user_id) REFERENCES public.users(id) DEFERRABLE INITIALLY DEFERRED;


--
-- Name: users_user_permissions users_user_permissio_permission_id_6d08dcd2_fk_auth_perm; Type: FK CONSTRAINT; Schema: public; Owner: yassine
--

ALTER TABLE ONLY public.users_user_permissions
    ADD CONSTRAINT users_user_permissio_permission_id_6d08dcd2_fk_auth_perm FOREIGN KEY (permission_id) REFERENCES public.auth_permission(id) DEFERRABLE INITIALLY DEFERRED;


--
-- Name: users_user_permissions users_user_permissions_user_id_92473840_fk_users_id; Type: FK CONSTRAINT; Schema: public; Owner: yassine
--

ALTER TABLE ONLY public.users_user_permissions
    ADD CONSTRAINT users_user_permissions_user_id_92473840_fk_users_id FOREIGN KEY (user_id) REFERENCES public.users(id) DEFERRABLE INITIALLY DEFERRED;


--
-- PostgreSQL database dump complete
--

\unrestrict IqrvfTP8dHqgignnLDbuXQUcx4UmE0heklsznzWPGAEasQ91aolXCPAJ2l9D6kt

